,AT1,AT2,Arterial EC,B cell lineage,Basal,Bronchial Vessel 1,Bronchial Vessel 2,Capillary,Ciliated,Dendritic cells,Fibroblast lineage,KRT5- KRT17+ epithelial,Lymphatic EC,Macrophages,Mast cells,Megakaryocytes,Mesothelium,Monocytes,Neutrophilic,Non-T/B cells,Proliferating cells,Rare,Secretory,Smooth Muscle,Squamous,Submucosal Secretory,T cell lineage,Venous
FGR,,-8.8214875e-07,,,,,,,,,,,,,,,,,,,,,,,,,,
CFH,,0.0,,,,,,,,,,,,,,,,,,,,,,,,,,
HS3ST1,,0.0,,,,,,,,,,,,,,,,,,,,,,,,,,
TMEM176A,,0.0,,,,,,,,,,,,,,,,,,,,,,,,,,
TFPI,,-1.2874603e-06,,,,,,,,,,,,,,,,,,,,,,,,,,
HSPB6,,0.0,,,,,,,,,,,,,,,,,,,,,,,,,,
PDK4,,0.0,,,,,,,,,,,,,,,,,,,,,,,,,,
ZMYND10,,0.0,,,,,,,,,,,,,,,,,,,,,,,,,,
WDR54,,0.0,,,,,,,,,,,,,,,,,,,,,,,,,,
ITGAL,,0.0,,,,,,,,,,,,,,,,,,,,,,,,,,
ABCC8,,0.0,,,,,,,,,,,,,,,,,,,,,,,,,,
CX3CL1,,0.0,,,,,,,,,,,,,,,,,,,,,,,,,,
TNFRSF12A,,1.36554245e-05,,,,,,,,,,,,,,,,,,,,,,,,,,
PRSS21,,0.0,,,,,,,,,,,,,,,,,,,,,,,,,,
PROM1,,0.0,,,,,,,,,,,,,,,,,,,,,,,,,,
NOS2,,0.0,,,,,,,,,,,,,,,,,,,,,,,,,,
DNAH9,,0.0,,,,,,,,,,,,,,,,,,,,,,,,,,
MATK,,0.0,,,,,,,,,,,,,,,,,,,,,,,,,,
CD79B,,0.0,,,,,,,,,,,,,,,,,,,,,,,,,,
TKTL1,,0.0,,,,,,,,,,,,,,,,,,,,,,,,,,
SELE,,0.0,,,,,,,,,,,,,,,,,,,,,,,,,,
FMO3,,0.0,,,,,,,,,,,,,,,,,,,,,,,,,,
DLEC1,,0.0,,,,,,,,,,,,,,,,,,,,,,,,,,
MGST1,,-3.618598e-05,,,,,,,,,,,,,,,,,,,,,,,,,,
IL32,,6.0796737e-07,,,,,,,,,,,,,,,,,,,,,,,,,,
MED24,,0.0,,,,,,,,,,,,,,,,,,,,,,,,,,
TRAF3IP3,,0.0,,,,,,,,,,,,,,,,,,,,,,,,,,
SEMA3G,,0.0,,,,,,,,,,,,,,,,,,,,,,,,,,
STAB1,,0.0,,,,,,,,,,,,,,,,,,,,,,,,,,
LRRC23,,7.152558e-08,,,,,,,,,,,,,,,,,,,,,,,,,,
FYN,,0.0,,,,,,,,,,,,,,,,,,,,,,,,,,
PLAUR,,0.0,,,,,,,,,,,,,,,,,,,,,,,,,,
DCN,,0.0,,,,,,,,,,,,,,,,,,,,,,,,,,
ZBTB32,,0.0,,,,,,,,,,,,,,,,,,,,,,,,,,
TYROBP,,1.7285347e-06,,,,,,,,,,,,,,,,,,,,,,,,,,
CD22,,0.0,,,,,,,,,,,,,,,,,,,,,,,,,,
SEMA3B,,0.0,,,,,,,,,,,,,,,,,,,,,,,,,,
LTF,,0.0,,,,,,,,,,,,,,,,,,,,,,,,,,
ALOX5,,0.0,,,,,,,,,,,,,,,,,,,,,,,,,,
GPRC5A,,6.1631204e-06,,,,,,,,,,,,,,,,,,,,,,,,,,
CD6,,0.0,,,,,,,,,,,,,,,,,,,,,,,,,,
WAS,,0.0,,,,,,,,,,,,,,,,,,,,,,,,,,
CLCA4,,0.0,,,,,,,,,,,,,,,,,,,,,,,,,,
IGF1,,0.0,,,,,,,,,,,,,,,,,,,,,,,,,,
SLC11A1,,0.0,,,,,,,,,,,,,,,,,,,,,,,,,,
VSIG2,,-4.7683717e-08,,,,,,,,,,,,,,,,,,,,,,,,,,
MARCO,,0.0,,,,,,,,,,,,,,,,,,,,,,,,,,
CYP24A1,,0.0,,,,,,,,,,,,,,,,,,,,,,,,,,
RUNX3,,0.0,,,,,,,,,,,,,,,,,,,,,,,,,,
FHL1,,0.0,,,,,,,,,,,,,,,,,,,,,,,,,,
BIRC3,,0.0,,,,,,,,,,,,,,,,,,,,,,,,,,
PLEKHO1,,0.0,,,,,,,,,,,,,,,,,,,,,,,,,,
HSD17B6,,-2.6720762e-05,,,,,,,,,,,,,,,,,,,,,,,,,,
VIM,,7.0214273e-06,,,,,,,,,,,,,,,,,,,,,,,,,,
SLAMF7,,0.0,,,,,,,,,,,,,,,,,,,,,,,,,,
PRKCH,,-7.867813e-07,,,,,,,,,,,,,,,,,,,,,,,,,,
SH2D2A,,0.0,,,,,,,,,,,,,,,,,,,,,,,,,,
TNFRSF1B,,1.4543533e-06,,,,,,,,,,,,,,,,,,,,,,,,,,
POU2F2,,0.0,,,,,,,,,,,,,,,,,,,,,,,,,,
IBSP,,0.0,,,,,,,,,,,,,,,,,,,,,,,,,,
APBA2,,0.0,,,,,,,,,,,,,,,,,,,,,,,,,,
EFCAB1,,0.0,,,,,,,,,,,,,,,,,,,,,,,,,,
MYOC,,0.0,,,,,,,,,,,,,,,,,,,,,,,,,,
DAPK2,,0.0,,,,,,,,,,,,,,,,,,,,,,,,,,
STAP1,,0.0,,,,,,,,,,,,,,,,,,,,,,,,,,
VCAN,,0.0,,,,,,,,,,,,,,,,,,,,,,,,,,
MSR1,,-3.0755996e-06,,,,,,,,,,,,,,,,,,,,,,,,,,
DNAH5,,9.536743e-08,,,,,,,,,,,,,,,,,,,,,,,,,,
TNC,,0.0,,,,,,,,,,,,,,,,,,,,,,,,,,
ADAM28,,0.0,,,,,,,,,,,,,,,,,,,,,,,,,,
LCP2,,0.0,,,,,,,,,,,,,,,,,,,,,,,,,,
ADRB1,,0.0,,,,,,,,,,,,,,,,,,,,,,,,,,
GPM6B,,0.0,,,,,,,,,,,,,,,,,,,,,,,,,,
CP,,0.0,,,,,,,,,,,,,,,,,,,,,,,,,,
TNFRSF17,,0.0,,,,,,,,,,,,,,,,,,,,,,,,,,
UTS2,,0.0,,,,,,,,,,,,,,,,,,,,,,,,,,
TNFRSF9,,0.0,,,,,,,,,,,,,,,,,,,,,,,,,,
LTBP1,,0.0,,,,,,,,,,,,,,,,,,,,,,,,,,
ELN,,0.0,,,,,,,,,,,,,,,,,,,,,,,,,,
DKK3,,0.0,,,,,,,,,,,,,,,,,,,,,,,,,,
TNIP3,,0.0,,,,,,,,,,,,,,,,,,,,,,,,,,
MSMO1,,1.4179945e-05,,,,,,,,,,,,,,,,,,,,,,,,,,
SYNE2,,-7.152558e-08,,,,,,,,,,,,,,,,,,,,,,,,,,
KCNH2,,0.0,,,,,,,,,,,,,,,,,,,,,,,,,,
CYFIP2,,0.0,,,,,,,,,,,,,,,,,,,,,,,,,,
TRAF1,,0.0,,,,,,,,,,,,,,,,,,,,,,,,,,
SERPINB3,,0.0,,,,,,,,,,,,,,,,,,,,,,,,,,
PRDM1,,0.0,,,,,,,,,,,,,,,,,,,,,,,,,,
LAMC2,,1.5485286e-05,,,,,,,,,,,,,,,,,,,,,,,,,,
MXD1,,0.0,,,,,,,,,,,,,,,,,,,,,,,,,,
SLC2A3,,1.1980534e-06,,,,,,,,,,,,,,,,,,,,,,,,,,
CASP8,,0.0,,,,,,,,,,,,,,,,,,,,,,,,,,
SPA17,,0.0,,,,,,,,,,,,,,,,,,,,,,,,,,
WISP2,,0.0,,,,,,,,,,,,,,,,,,,,,,,,,,
CHI3L2,,0.0,,,,,,,,,,,,,,,,,,,,,,,,,,
CALCRL,,0.0,,,,,,,,,,,,,,,,,,,,,,,,,,
SLC9A3R2,,0.0,,,,,,,,,,,,,,,,,,,,,,,,,,
ANKRD44,,0.0,,,,,,,,,,,,,,,,,,,,,,,,,,
MYLK,,-5.9604645e-08,,,,,,,,,,,,,,,,,,,,,,,,,,
COL17A1,,0.0,,,,,,,,,,,,,,,,,,,,,,,,,,
PRKCQ,,0.0,,,,,,,,,,,,,,,,,,,,,,,,,,
TIE1,,0.0,,,,,,,,,,,,,,,,,,,,,,,,,,
CD84,,0.0,,,,,,,,,,,,,,,,,,,,,,,,,,
SPI1,,-1.859665e-06,,,,,,,,,,,,,,,,,,,,,,,,,,
CLDN18,,2.5713443e-05,,,,,,,,,,,,,,,,,,,,,,,,,,
PLPP1,,1.1920929e-07,,,,,,,,,,,,,,,,,,,,,,,,,,
SYT1,,0.0,,,,,,,,,,,,,,,,,,,,,,,,,,
HYAL2,,0.0,,,,,,,,,,,,,,,,,,,,,,,,,,
RASGRP2,,0.0,,,,,,,,,,,,,,,,,,,,,,,,,,
ADGRF5,,-7.867813e-06,,,,,,,,,,,,,,,,,,,,,,,,,,
CLEC2D,,0.0,,,,,,,,,,,,,,,,,,,,,,,,,,
MAOB,,0.0,,,,,,,,,,,,,,,,,,,,,,,,,,
RORA,,0.0,,,,,,,,,,,,,,,,,,,,,,,,,,
TGFBR3,,0.0,,,,,,,,,,,,,,,,,,,,,,,,,,
SCT,,0.0,,,,,,,,,,,,,,,,,,,,,,,,,,
FSTL3,,0.0,,,,,,,,,,,,,,,,,,,,,,,,,,
MGAT4A,,3.576279e-08,,,,,,,,,,,,,,,,,,,,,,,,,,
LMCD1,,0.0,,,,,,,,,,,,,,,,,,,,,,,,,,
CDH19,,0.0,,,,,,,,,,,,,,,,,,,,,,,,,,
LIMS2,,0.0,,,,,,,,,,,,,,,,,,,,,,,,,,
FCGR2B,,0.0,,,,,,,,,,,,,,,,,,,,,,,,,,
STK10,,-2.3841858e-08,,,,,,,,,,,,,,,,,,,,,,,,,,
ACAP1,,0.0,,,,,,,,,,,,,,,,,,,,,,,,,,
FERMT2,,0.0,,,,,,,,,,,,,,,,,,,,,,,,,,
DHRS9,,0.0,,,,,,,,,,,,,,,,,,,,,,,,,,
PTGS2,,0.0,,,,,,,,,,,,,,,,,,,,,,,,,,
TBX21,,0.0,,,,,,,,,,,,,,,,,,,,,,,,,,
NOTCH3,,0.0,,,,,,,,,,,,,,,,,,,,,,,,,,
ATP2A3,,0.0,,,,,,,,,,,,,,,,,,,,,,,,,,
IPCEF1,,0.0,,,,,,,,,,,,,,,,,,,,,,,,,,
TXK,,0.0,,,,,,,,,,,,,,,,,,,,,,,,,,
FSCN1,,0.0,,,,,,,,,,,,,,,,,,,,,,,,,,
ATP12A,,0.0,,,,,,,,,,,,,,,,,,,,,,,,,,
ARHGAP15,,0.0,,,,,,,,,,,,,,,,,,,,,,,,,,
PAG1,,-2.5314093e-05,,,,,,,,,,,,,,,,,,,,,,,,,,
ICAM3,,0.0,,,,,,,,,,,,,,,,,,,,,,,,,,
MCAM,,0.0,,,,,,,,,,,,,,,,,,,,,,,,,,
SPAG6,,0.0,,,,,,,,,,,,,,,,,,,,,,,,,,
FGFR1,,0.0,,,,,,,,,,,,,,,,,,,,,,,,,,
FBLN1,,0.0,,,,,,,,,,,,,,,,,,,,,,,,,,
ITGA8,,0.0,,,,,,,,,,,,,,,,,,,,,,,,,,
CST7,,0.0,,,,,,,,,,,,,,,,,,,,,,,,,,
MAP2,,0.0,,,,,,,,,,,,,,,,,,,,,,,,,,
LAMP3,,5.4240227e-06,,,,,,,,,,,,,,,,,,,,,,,,,,
EDN1,,1.1920929e-08,,,,,,,,,,,,,,,,,,,,,,,,,,
P2RY10,,0.0,,,,,,,,,,,,,,,,,,,,,,,,,,
ITM2A,,0.0,,,,,,,,,,,,,,,,,,,,,,,,,,
BPIFB2,,0.0,,,,,,,,,,,,,,,,,,,,,,,,,,
RUNX1T1,,0.0,,,,,,,,,,,,,,,,,,,,,,,,,,
LXN,,0.0,,,,,,,,,,,,,,,,,,,,,,,,,,
SCGN,,0.0,,,,,,,,,,,,,,,,,,,,,,,,,,
MOXD1,,0.0,,,,,,,,,,,,,,,,,,,,,,,,,,
RABL2B,,0.0,,,,,,,,,,,,,,,,,,,,,,,,,,
RFX3,,0.0,,,,,,,,,,,,,,,,,,,,,,,,,,
MOK,,0.0,,,,,,,,,,,,,,,,,,,,,,,,,,
CXCL2,,0.0,,,,,,,,,,,,,,,,,,,,,,,,,,
TCF7,,0.0,,,,,,,,,,,,,,,,,,,,,,,,,,
MEF2C,,0.0,,,,,,,,,,,,,,,,,,,,,,,,,,
PTPRC,,0.0,,,,,,,,,,,,,,,,,,,,,,,,,,
STK17B,,1.1920929e-08,,,,,,,,,,,,,,,,,,,,,,,,,,
FYB,,0.0,,,,,,,,,,,,,,,,,,,,,,,,,,
P2RX5,,0.0,,,,,,,,,,,,,,,,,,,,,,,,,,
FCN1,,0.0,,,,,,,,,,,,,,,,,,,,,,,,,,
PILRA,,0.0,,,,,,,,,,,,,,,,,,,,,,,,,,
ABCB1,,0.0,,,,,,,,,,,,,,,,,,,,,,,,,,
SNX10,,1.1920929e-08,,,,,,,,,,,,,,,,,,,,,,,,,,
CEACAM6,,-9.536743e-08,,,,,,,,,,,,,,,,,,,,,,,,,,
LAT2,,0.0,,,,,,,,,,,,,,,,,,,,,,,,,,
TMPRSS11E,,0.0,,,,,,,,,,,,,,,,,,,,,,,,,,
MMP2,,0.0,,,,,,,,,,,,,,,,,,,,,,,,,,
CASS4,,0.0,,,,,,,,,,,,,,,,,,,,,,,,,,
PTPN4,,1.8447638e-05,,,,,,,,,,,,,,,,,,,,,,,,,,
KIF9,,-1.1920929e-08,,,,,,,,,,,,,,,,,,,,,,,,,,
TESC,,0.0,,,,,,,,,,,,,,,,,,,,,,,,,,
SIRPG,,0.0,,,,,,,,,,,,,,,,,,,,,,,,,,
CHGB,,0.0,,,,,,,,,,,,,,,,,,,,,,,,,,
FXYD5,,0.0,,,,,,,,,,,,,,,,,,,,,,,,,,
FXYD3,,-9.536743e-08,,,,,,,,,,,,,,,,,,,,,,,,,,
LAG3,,0.0,,,,,,,,,,,,,,,,,,,,,,,,,,
LTBP4,,0.0,,,,,,,,,,,,,,,,,,,,,,,,,,
RGS1,,0.0,,,,,,,,,,,,,,,,,,,,,,,,,,
ICAM1,,1.3113022e-07,,,,,,,,,,,,,,,,,,,,,,,,,,
LYZ,,-7.2717665e-07,,,,,,,,,,,,,,,,,,,,,,,,,,
SLC26A4,,0.0,,,,,,,,,,,,,,,,,,,,,,,,,,
ITGA6,,-2.038479e-06,,,,,,,,,,,,,,,,,,,,,,,,,,
RAPGEF4,,0.0,,,,,,,,,,,,,,,,,,,,,,,,,,
ANGPT2,,0.0,,,,,,,,,,,,,,,,,,,,,,,,,,
CD200,,0.0,,,,,,,,,,,,,,,,,,,,,,,,,,
CCDC80,,0.0,,,,,,,,,,,,,,,,,,,,,,,,,,
CMA1,,0.0,,,,,,,,,,,,,,,,,,,,,,,,,,
TEKT2,,0.0,,,,,,,,,,,,,,,,,,,,,,,,,,
VNN3,,0.0,,,,,,,,,,,,,,,,,,,,,,,,,,
FMO2,,0.0,,,,,,,,,,,,,,,,,,,,,,,,,,
PTGS1,,0.0,,,,,,,,,,,,,,,,,,,,,,,,,,
SH2D3C,,0.0,,,,,,,,,,,,,,,,,,,,,,,,,,
CYP26A1,,0.0,,,,,,,,,,,,,,,,,,,,,,,,,,
CREM,,5.2154064e-06,,,,,,,,,,,,,,,,,,,,,,,,,,
TPSD1,,0.0,,,,,,,,,,,,,,,,,,,,,,,,,,
TREM2,,0.0,,,,,,,,,,,,,,,,,,,,,,,,,,
CRISP3,,0.0,,,,,,,,,,,,,,,,,,,,,,,,,,
PGC,,0.00011020899,,,,,,,,,,,,,,,,,,,,,,,,,,
EFHC1,,0.0,,,,,,,,,,,,,,,,,,,,,,,,,,
SCD,,9.900332e-06,,,,,,,,,,,,,,,,,,,,,,,,,,
PALMD,,0.0,,,,,,,,,,,,,,,,,,,,,,,,,,
GADD45B,,3.576279e-08,,,,,,,,,,,,,,,,,,,,,,,,,,
DERL3,,0.0,,,,,,,,,,,,,,,,,,,,,,,,,,
OSM,,0.0,,,,,,,,,,,,,,,,,,,,,,,,,,
YPEL1,,0.0,,,,,,,,,,,,,,,,,,,,,,,,,,
CYTH4,,0.0,,,,,,,,,,,,,,,,,,,,,,,,,,
MFNG,,0.0,,,,,,,,,,,,,,,,,,,,,,,,,,
LGALS2,,0.0,,,,,,,,,,,,,,,,,,,,,,,,,,
LGALS1,,0.0,,,,,,,,,,,,,,,,,,,,,,,,,,
PIK3IP1,,0.0,,,,,,,,,,,,,,,,,,,,,,,,,,
TIMP3,,0.0,,,,,,,,,,,,,,,,,,,,,,,,,,
HMOX1,,-1.1920929e-08,,,,,,,,,,,,,,,,,,,,,,,,,,
GRAP2,,0.0,,,,,,,,,,,,,,,,,,,,,,,,,,
CSF2RB,,0.0,,,,,,,,,,,,,,,,,,,,,,,,,,
IL2RB,,0.0,,,,,,,,,,,,,,,,,,,,,,,,,,
CTSG,,0.0,,,,,,,,,,,,,,,,,,,,,,,,,,
GZMH,,0.0,,,,,,,,,,,,,,,,,,,,,,,,,,
GZMB,,0.0,,,,,,,,,,,,,,,,,,,,,,,,,,
CHGA,,0.0,,,,,,,,,,,,,,,,,,,,,,,,,,
TCL1A,,0.0,,,,,,,,,,,,,,,,,,,,,,,,,,
PLTP,,0.0,,,,,,,,,,,,,,,,,,,,,,,,,,
MMP9,,0.0,,,,,,,,,,,,,,,,,,,,,,,,,,
PROCR,,0.0,,,,,,,,,,,,,,,,,,,,,,,,,,
SLA2,,0.0,,,,,,,,,,,,,,,,,,,,,,,,,,
NFATC2,,0.0,,,,,,,,,,,,,,,,,,,,,,,,,,
STK4,,1.5497208e-06,,,,,,,,,,,,,,,,,,,,,,,,,,
CTSZ,,-1.1920929e-08,,,,,,,,,,,,,,,,,,,,,,,,,,
SLCO4A1,,0.0,,,,,,,,,,,,,,,,,,,,,,,,,,
SPEF1,,0.0,,,,,,,,,,,,,,,,,,,,,,,,,,
RASSF2,,0.0,,,,,,,,,,,,,,,,,,,,,,,,,,
MYL9,,0.0,,,,,,,,,,,,,,,,,,,,,,,,,,
HCK,,0.0,,,,,,,,,,,,,,,,,,,,,,,,,,
WFDC2,,3.1346084e-05,,,,,,,,,,,,,,,,,,,,,,,,,,
PPP1R16B,,0.0,,,,,,,,,,,,,,,,,,,,,,,,,,
EPPIN,,0.0,,,,,,,,,,,,,,,,,,,,,,,,,,
SMCHD1,,0.0,,,,,,,,,,,,,,,,,,,,,,,,,,
RNF125,,0.0,,,,,,,,,,,,,,,,,,,,,,,,,,
CHRDL1,,0.0,,,,,,,,,,,,,,,,,,,,,,,,,,
SRPX,,0.0,,,,,,,,,,,,,,,,,,,,,,,,,,
BMX,,0.0,,,,,,,,,,,,,,,,,,,,,,,,,,
PLS3,,-2.1344424e-05,,,,,,,,,,,,,,,,,,,,,,,,,,
PIM2,,0.0,,,,,,,,,,,,,,,,,,,,,,,,,,
PCSK1N,,0.0,,,,,,,,,,,,,,,,,,,,,,,,,,
GATA1,,0.0,,,,,,,,,,,,,,,,,,,,,,,,,,
CD40LG,,0.0,,,,,,,,,,,,,,,,,,,,,,,,,,
TIMP1,,0.0,,,,,,,,,,,,,,,,,,,,,,,,,,
TNFSF13B,,0.0,,,,,,,,,,,,,,,,,,,,,,,,,,
ACP5,,-2.4437904e-06,,,,,,,,,,,,,,,,,,,,,,,,,,
MRPS31,,0.0,,,,,,,,,,,,,,,,,,,,,,,,,,
FLT1,,0.0,,,,,,,,,,,,,,,,,,,,,,,,,,
RGCC,,0.0,,,,,,,,,,,,,,,,,,,,,,,,,,
IRG1,,0.0,,,,,,,,,,,,,,,,,,,,,,,,,,
OLFM4,,0.0,,,,,,,,,,,,,,,,,,,,,,,,,,
MSLN,,9.536743e-08,,,,,,,,,,,,,,,,,,,,,,,,,,
CORO1A,,0.0,,,,,,,,,,,,,,,,,,,,,,,,,,
PLLP,,-1.1920929e-08,,,,,,,,,,,,,,,,,,,,,,,,,,
CCL22,,0.0,,,,,,,,,,,,,,,,,,,,,,,,,,
CCL17,,0.0,,,,,,,,,,,,,,,,,,,,,,,,,,
CCDC113,,0.0,,,,,,,,,,,,,,,,,,,,,,,,,,
NDRG4,,0.0,,,,,,,,,,,,,,,,,,,,,,,,,,
WFDC1,,0.0,,,,,,,,,,,,,,,,,,,,,,,,,,
COTL1,,0.0,,,,,,,,,,,,,,,,,,,,,,,,,,
CRISPLD2,,0.0,,,,,,,,,,,,,,,,,,,,,,,,,,
FOXF1,,0.0,,,,,,,,,,,,,,,,,,,,,,,,,,
SLC7A5,,0.0,,,,,,,,,,,,,,,,,,,,,,,,,,
IL21R,,0.0,,,,,,,,,,,,,,,,,,,,,,,,,,
TMC5,,-1.1920929e-08,,,,,,,,,,,,,,,,,,,,,,,,,,
AQP9,,0.0,,,,,,,,,,,,,,,,,,,,,,,,,,
CSPP1,,1.1920929e-08,,,,,,,,,,,,,,,,,,,,,,,,,,
RP1,,0.0,,,,,,,,,,,,,,,,,,,,,,,,,,
CA2,,-9.179115e-07,,,,,,,,,,,,,,,,,,,,,,,,,,
SFRP1,,0.0,,,,,,,,,,,,,,,,,,,,,,,,,,
PLAT,,0.0,,,,,,,,,,,,,,,,,,,,,,,,,,
NEFM,,0.0,,,,,,,,,,,,,,,,,,,,,,,,,,
CD37,,0.0,,,,,,,,,,,,,,,,,,,,,,,,,,
RETN,,0.0,,,,,,,,,,,,,,,,,,,,,,,,,,
FCER2,,0.0,,,,,,,,,,,,,,,,,,,,,,,,,,
IL4I1,,0.0,,,,,,,,,,,,,,,,,,,,,,,,,,
LILRB1,,0.0,,,,,,,,,,,,,,,,,,,,,,,,,,
LILRA1,,0.0,,,,,,,,,,,,,,,,,,,,,,,,,,
IL27RA,,6.1869623e-06,,,,,,,,,,,,,,,,,,,,,,,,,,
RASAL3,,0.0,,,,,,,,,,,,,,,,,,,,,,,,,,
EBI3,,0.0,,,,,,,,,,,,,,,,,,,,,,,,,,
TGFB1,,0.0,,,,,,,,,,,,,,,,,,,,,,,,,,
DENND3,,-4.7683717e-08,,,,,,,,,,,,,,,,,,,,,,,,,,
CD79A,,0.0,,,,,,,,,,,,,,,,,,,,,,,,,,
ICAM4,,9.417534e-07,,,,,,,,,,,,,,,,,,,,,,,,,,
NKG7,,0.0,,,,,,,,,,,,,,,,,,,,,,,,,,
CEACAM5,,0.0,,,,,,,,,,,,,,,,,,,,,,,,,,
PTPRS,,0.0,,,,,,,,,,,,,,,,,,,,,,,,,,
CCDC114,,0.0,,,,,,,,,,,,,,,,,,,,,,,,,,
SIGLEC6,,0.0,,,,,,,,,,,,,,,,,,,,,,,,,,
HAS1,,0.0,,,,,,,,,,,,,,,,,,,,,,,,,,
CAPS,,0.0,,,,,,,,,,,,,,,,,,,,,,,,,,
JAK3,,0.0,,,,,,,,,,,,,,,,,,,,,,,,,,
ISYNA1,,0.0,,,,,,,,,,,,,,,,,,,,,,,,,,
COMP,,0.0,,,,,,,,,,,,,,,,,,,,,,,,,,
HAMP,,0.0,,,,,,,,,,,,,,,,,,,,,,,,,,
PBX4,,0.0,,,,,,,,,,,,,,,,,,,,,,,,,,
TFPI2,,0.0,,,,,,,,,,,,,,,,,,,,,,,,,,
TWISTNB,,-5.9604645e-08,,,,,,,,,,,,,,,,,,,,,,,,,,
PIK3CG,,0.0,,,,,,,,,,,,,,,,,,,,,,,,,,
DNAH11,,0.0,,,,,,,,,,,,,,,,,,,,,,,,,,
PTN,,-3.4582616e-05,,,,,,,,,,,,,,,,,,,,,,,,,,
CAV2,,-1.9210576e-05,,,,,,,,,,,,,,,,,,,,,,,,,,
CAV1,,-2.8145314e-05,,,,,,,,,,,,,,,,,,,,,,,,,,
LFNG,,0.0,,,,,,,,,,,,,,,,,,,,,,,,,,
CPVL,,0.0,,,,,,,,,,,,,,,,,,,,,,,,,,
CYP3A5,,0.0,,,,,,,,,,,,,,,,,,,,,,,,,,
PCOLCE,,0.0,,,,,,,,,,,,,,,,,,,,,,,,,,
SERPINE1,,0.0,,,,,,,,,,,,,,,,,,,,,,,,,,
SFRP4,,0.0,,,,,,,,,,,,,,,,,,,,,,,,,,
TSPAN13,,-4.887581e-07,,,,,,,,,,,,,,,,,,,,,,,,,,
RARRES2,,0.0,,,,,,,,,,,,,,,,,,,,,,,,,,
AGR2,,-9.49502e-06,,,,,,,,,,,,,,,,,,,,,,,,,,
GIMAP2,,0.0,,,,,,,,,,,,,,,,,,,,,,,,,,
TMEM176B,,0.0,,,,,,,,,,,,,,,,,,,,,,,,,,
AEBP1,,0.0,,,,,,,,,,,,,,,,,,,,,,,,,,
OGN,,0.0,,,,,,,,,,,,,,,,,,,,,,,,,,
ASPN,,0.0,,,,,,,,,,,,,,,,,,,,,,,,,,
AKNA,,0.0,,,,,,,,,,,,,,,,,,,,,,,,,,
TNFSF8,,0.0,,,,,,,,,,,,,,,,,,,,,,,,,,
ENG,,0.0,,,,,,,,,,,,,,,,,,,,,,,,,,
AK1,,-1.6093254e-06,,,,,,,,,,,,,,,,,,,,,,,,,,
NPDC1,,0.0,,,,,,,,,,,,,,,,,,,,,,,,,,
PTGDS,,0.0,,,,,,,,,,,,,,,,,,,,,,,,,,
GATA3,,0.0,,,,,,,,,,,,,,,,,,,,,,,,,,
CXCL12,,0.0,,,,,,,,,,,,,,,,,,,,,,,,,,
SPOCK2,,0.0,,,,,,,,,,,,,,,,,,,,,,,,,,
ACTA2,,0.0,,,,,,,,,,,,,,,,,,,,,,,,,,
DKK1,,2.3841858e-08,,,,,,,,,,,,,,,,,,,,,,,,,,
PPIF,,0.0,,,,,,,,,,,,,,,,,,,,,,,,,,
KRT23,,0.0,,,,,,,,,,,,,,,,,,,,,,,,,,
CSF3,,-2.3841858e-08,,,,,,,,,,,,,,,,,,,,,,,,,,
RGS9,,0.0,,,,,,,,,,,,,,,,,,,,,,,,,,
P2RX1,,0.0,,,,,,,,,,,,,,,,,,,,,,,,,,
RASD1,,0.0,,,,,,,,,,,,,,,,,,,,,,,,,,
SLC6A4,,0.0,,,,,,,,,,,,,,,,,,,,,,,,,,
ALDH3A1,,0.0,,,,,,,,,,,,,,,,,,,,,,,,,,
ICAM2,,0.0,,,,,,,,,,,,,,,,,,,,,,,,,,
B9D1,,0.0,,,,,,,,,,,,,,,,,,,,,,,,,,
CCL7,,0.0,,,,,,,,,,,,,,,,,,,,,,,,,,
CCL2,,0.0,,,,,,,,,,,,,,,,,,,,,,,,,,
CCL8,,0.0,,,,,,,,,,,,,,,,,,,,,,,,,,
CCL1,,0.0,,,,,,,,,,,,,,,,,,,,,,,,,,
ABI3,,0.0,,,,,,,,,,,,,,,,,,,,,,,,,,
COL1A1,,0.0,,,,,,,,,,,,,,,,,,,,,,,,,,
SGCA,,0.0,,,,,,,,,,,,,,,,,,,,,,,,,,
SLC16A6,,0.0,,,,,,,,,,,,,,,,,,,,,,,,,,
PMP22,,0.0,,,,,,,,,,,,,,,,,,,,,,,,,,
SULT1E1,,0.0,,,,,,,,,,,,,,,,,,,,,,,,,,
ODAM,,0.0,,,,,,,,,,,,,,,,,,,,,,,,,,
SMR3A,,0.0,,,,,,,,,,,,,,,,,,,,,,,,,,
AREG,,8.675456e-05,,,,,,,,,,,,,,,,,,,,,,,,,,
INPP4B,,0.0,,,,,,,,,,,,,,,,,,,,,,,,,,
IL2,,0.0,,,,,,,,,,,,,,,,,,,,,,,,,,
CPE,,0.0,,,,,,,,,,,,,,,,,,,,,,,,,,
SOD3,,-9.351968e-06,,,,,,,,,,,,,,,,,,,,,,,,,,
CLNK,,0.0,,,,,,,,,,,,,,,,,,,,,,,,,,
SH3D19,,0.0,,,,,,,,,,,,,,,,,,,,,,,,,,
CRYAB,,0.0,,,,,,,,,,,,,,,,,,,,,,,,,,
ZBTB16,,0.0,,,,,,,,,,,,,,,,,,,,,,,,,,
CRTAM,,0.0,,,,,,,,,,,,,,,,,,,,,,,,,,
EHD1,,0.0,,,,,,,,,,,,,,,,,,,,,,,,,,
MS4A6A,,0.0,,,,,,,,,,,,,,,,,,,,,,,,,,
MS4A4A,,0.0,,,,,,,,,,,,,,,,,,,,,,,,,,
CCND1,,-1.1408329e-05,,,,,,,,,,,,,,,,,,,,,,,,,,
FOLR1,,1.4156103e-05,,,,,,,,,,,,,,,,,,,,,,,,,,
CEP126,,0.0,,,,,,,,,,,,,,,,,,,,,,,,,,
IL10RA,,0.0,,,,,,,,,,,,,,,,,,,,,,,,,,
GALNT18,,0.0,,,,,,,,,,,,,,,,,,,,,,,,,,
CD5,,0.0,,,,,,,,,,,,,,,,,,,,,,,,,,
CALCA,,0.0,,,,,,,,,,,,,,,,,,,,,,,,,,
VWF,,0.0,,,,,,,,,,,,,,,,,,,,,,,,,,
PPFIBP1,,0.0,,,,,,,,,,,,,,,,,,,,,,,,,,
CD69,,0.0,,,,,,,,,,,,,,,,,,,,,,,,,,
CLEC2B,,0.0,,,,,,,,,,,,,,,,,,,,,,,,,,
BIN2,,0.0,,,,,,,,,,,,,,,,,,,,,,,,,,
IL23A,,0.0,,,,,,,,,,,,,,,,,,,,,,,,,,
KRT18,,3.2460688e-05,,,,,,,,,,,,,,,,,,,,,,,,,,
ELK3,,0.0,,,,,,,,,,,,,,,,,,,,,,,,,,
PRR4,,0.0,,,,,,,,,,,,,,,,,,,,,,,,,,
MGP,,0.0,,,,,,,,,,,,,,,,,,,,,,,,,,
RERGL,,0.0,,,,,,,,,,,,,,,,,,,,,,,,,,
IFNG,,0.0,,,,,,,,,,,,,,,,,,,,,,,,,,
CLEC4A,,0.0,,,,,,,,,,,,,,,,,,,,,,,,,,
KLRB1,,0.0,,,,,,,,,,,,,,,,,,,,,,,,,,
COL12A1,,0.0,,,,,,,,,,,,,,,,,,,,,,,,,,
RSPH4A,,0.0,,,,,,,,,,,,,,,,,,,,,,,,,,
NEDD9,,-1.1920929e-08,,,,,,,,,,,,,,,,,,,,,,,,,,
NCOA7,,1.66893e-07,,,,,,,,,,,,,,,,,,,,,,,,,,
FAM65B,,0.0,,,,,,,,,,,,,,,,,,,,,,,,,,
SOD2,,9.417534e-07,,,,,,,,,,,,,,,,,,,,,,,,,,
IL17A,,0.0,,,,,,,,,,,,,,,,,,,,,,,,,,
IL17F,,0.0,,,,,,,,,,,,,,,,,,,,,,,,,,
PHACTR1,,-1.500845e-05,,,,,,,,,,,,,,,,,,,,,,,,,,
CD83,,0.0,,,,,,,,,,,,,,,,,,,,,,,,,,
FHL5,,0.0,,,,,,,,,,,,,,,,,,,,,,,,,,
PERP,,-3.2281874e-05,,,,,,,,,,,,,,,,,,,,,,,,,,
SLC16A10,,0.0,,,,,,,,,,,,,,,,,,,,,,,,,,
ADGRG6,,1.7046929e-06,,,,,,,,,,,,,,,,,,,,,,,,,,
CCR6,,0.0,,,,,,,,,,,,,,,,,,,,,,,,,,
PACRG,,5.9604645e-07,,,,,,,,,,,,,,,,,,,,,,,,,,
C6orf118,,0.0,,,,,,,,,,,,,,,,,,,,,,,,,,
VEGFA,,1.7535687e-05,,,,,,,,,,,,,,,,,,,,,,,,,,
LAMA4,,0.0,,,,,,,,,,,,,,,,,,,,,,,,,,
CLIC5,,0.0,,,,,,,,,,,,,,,,,,,,,,,,,,
LY86,,0.0,,,,,,,,,,,,,,,,,,,,,,,,,,
SEMA5A,,0.0,,,,,,,,,,,,,,,,,,,,,,,,,,
C7,,0.0,,,,,,,,,,,,,,,,,,,,,,,,,,
HMGCS1,,1.0728836e-07,,,,,,,,,,,,,,,,,,,,,,,,,,
NME5,,0.0,,,,,,,,,,,,,,,,,,,,,,,,,,
HBEGF,,1.4603138e-05,,,,,,,,,,,,,,,,,,,,,,,,,,
GZMK,,0.0,,,,,,,,,,,,,,,,,,,,,,,,,,
SPARC,,0.0,,,,,,,,,,,,,,,,,,,,,,,,,,
ITK,,0.0,,,,,,,,,,,,,,,,,,,,,,,,,,
BTNL8,,0.0,,,,,,,,,,,,,,,,,,,,,,,,,,
CDH6,,0.0,,,,,,,,,,,,,,,,,,,,,,,,,,
LMNB1,,0.0,,,,,,,,,,,,,,,,,,,,,,,,,,
NPR3,,0.0,,,,,,,,,,,,,,,,,,,,,,,,,,
ST8SIA4,,0.0,,,,,,,,,,,,,,,,,,,,,,,,,,
LIFR,,2.3841858e-08,,,,,,,,,,,,,,,,,,,,,,,,,,
DPYSL3,,0.0,,,,,,,,,,,,,,,,,,,,,,,,,,
PDGFRB,,0.0,,,,,,,,,,,,,,,,,,,,,,,,,,
STC2,,0.0,,,,,,,,,,,,,,,,,,,,,,,,,,
HRH2,,0.0,,,,,,,,,,,,,,,,,,,,,,,,,,
CD86,,0.0,,,,,,,,,,,,,,,,,,,,,,,,,,
HES1,,-1.6343594e-05,,,,,,,,,,,,,,,,,,,,,,,,,,
IFT57,,3.7384034e-05,,,,,,,,,,,,,,,,,,,,,,,,,,
IQCG,,0.0,,,,,,,,,,,,,,,,,,,,,,,,,,
PLSCR4,,0.0,,,,,,,,,,,,,,,,,,,,,,,,,,
TNNC1,,2.4795532e-05,,,,,,,,,,,,,,,,,,,,,,,,,,
IL1A,,0.0,,,,,,,,,,,,,,,,,,,,,,,,,,
CCL20,,3.33786e-07,,,,,,,,,,,,,,,,,,,,,,,,,,
ZAP70,,0.0,,,,,,,,,,,,,,,,,,,,,,,,,,
CYTIP,,0.0,,,,,,,,,,,,,,,,,,,,,,,,,,
ITGA4,,0.0,,,,,,,,,,,,,,,,,,,,,,,,,,
EFEMP1,,-9.590387e-06,,,,,,,,,,,,,,,,,,,,,,,,,,
FN1,,0.0,,,,,,,,,,,,,,,,,,,,,,,,,,
DNAH6,,0.0,,,,,,,,,,,,,,,,,,,,,,,,,,
IGFBP2,,0.0,,,,,,,,,,,,,,,,,,,,,,,,,,
IGFBP5,,0.0,,,,,,,,,,,,,,,,,,,,,,,,,,
GNLY,,0.0,,,,,,,,,,,,,,,,,,,,,,,,,,
IL1R2,,0.0,,,,,,,,,,,,,,,,,,,,,,,,,,
IL1R1,,0.0,,,,,,,,,,,,,,,,,,,,,,,,,,
IL1RL1,,0.0,,,,,,,,,,,,,,,,,,,,,,,,,,
IL18R1,,0.0,,,,,,,,,,,,,,,,,,,,,,,,,,
IL18RAP,,0.0,,,,,,,,,,,,,,,,,,,,,,,,,,
ID2,,0.0,,,,,,,,,,,,,,,,,,,,,,,,,,
QPCT,,0.0,,,,,,,,,,,,,,,,,,,,,,,,,,
KYNU,,0.0,,,,,,,,,,,,,,,,,,,,,,,,,,
WIPF1,,0.0,,,,,,,,,,,,,,,,,,,,,,,,,,
PLEK,,0.0,,,,,,,,,,,,,,,,,,,,,,,,,,
RND3,,-1.1920929e-08,,,,,,,,,,,,,,,,,,,,,,,,,,
EPAS1,,-9.536743e-08,,,,,,,,,,,,,,,,,,,,,,,,,,
CD207,,0.0,,,,,,,,,,,,,,,,,,,,,,,,,,
PRRX1,,0.0,,,,,,,,,,,,,,,,,,,,,,,,,,
DHCR24,,-2.6041269e-05,,,,,,,,,,,,,,,,,,,,,,,,,,
ERRFI1,,3.33786e-07,,,,,,,,,,,,,,,,,,,,,,,,,,
KIAA1324,,0.0,,,,,,,,,,,,,,,,,,,,,,,,,,
LEPR,,0.0,,,,,,,,,,,,,,,,,,,,,,,,,,
PRG4,,0.0,,,,,,,,,,,,,,,,,,,,,,,,,,
GADD45A,,-1.1920929e-08,,,,,,,,,,,,,,,,,,,,,,,,,,
RGS2,,0.0,,,,,,,,,,,,,,,,,,,,,,,,,,
OLFML3,,0.0,,,,,,,,,,,,,,,,,,,,,,,,,,
CD2,,0.0,,,,,,,,,,,,,,,,,,,,,,,,,,
OSCP1,,3.0934812e-06,,,,,,,,,,,,,,,,,,,,,,,,,,
NID1,,0.0,,,,,,,,,,,,,,,,,,,,,,,,,,
SLAMF1,,0.0,,,,,,,,,,,,,,,,,,,,,,,,,,
CD48,,0.0,,,,,,,,,,,,,,,,,,,,,,,,,,
ADGRL2,,0.0,,,,,,,,,,,,,,,,,,,,,,,,,,
MFAP2,,0.0,,,,,,,,,,,,,,,,,,,,,,,,,,
GBP1,,0.0,,,,,,,,,,,,,,,,,,,,,,,,,,
CD160,,0.0,,,,,,,,,,,,,,,,,,,,,,,,,,
ECE1,,0.0,,,,,,,,,,,,,,,,,,,,,,,,,,
ID3,,-1.0967255e-05,,,,,,,,,,,,,,,,,,,,,,,,,,
PIK3R3,,0.0,,,,,,,,,,,,,,,,,,,,,,,,,,
TSPAN1,,0.0,,,,,,,,,,,,,,,,,,,,,,,,,,
CNN3,,1.1920929e-07,,,,,,,,,,,,,,,,,,,,,,,,,,
F3,,-3.196001e-05,,,,,,,,,,,,,,,,,,,,,,,,,,
FASLG,,0.0,,,,,,,,,,,,,,,,,,,,,,,,,,
HSD11B1,,0.0,,,,,,,,,,,,,,,,,,,,,,,,,,
STMN1,,0.0,,,,,,,,,,,,,,,,,,,,,,,,,,
PROX1,,0.0,,,,,,,,,,,,,,,,,,,,,,,,,,
CENPF,,0.0,,,,,,,,,,,,,,,,,,,,,,,,,,
MUC5B,,0.0,,,,,,,,,,,,,,,,,,,,,,,,,,
TNNT2,,0.0,,,,,,,,,,,,,,,,,,,,,,,,,,
C1orf54,,0.0,,,,,,,,,,,,,,,,,,,,,,,,,,
CASC1,,0.0,,,,,,,,,,,,,,,,,,,,,,,,,,
LRMP,,0.0,,,,,,,,,,,,,,,,,,,,,,,,,,
FILIP1,,1.103282e-05,,,,,,,,,,,,,,,,,,,,,,,,,,
ADGB,,0.0,,,,,,,,,,,,,,,,,,,,,,,,,,
TNFAIP3,,0.0,,,,,,,,,,,,,,,,,,,,,,,,,,
SGK1,,-4.2915343e-07,,,,,,,,,,,,,,,,,,,,,,,,,,
ARG1,,0.0,,,,,,,,,,,,,,,,,,,,,,,,,,
CTGF,,-9.781123e-06,,,,,,,,,,,,,,,,,,,,,,,,,,
TCF21,,0.0,,,,,,,,,,,,,,,,,,,,,,,,,,
SPP1,,0.0,,,,,,,,,,,,,,,,,,,,,,,,,,
RARRES1,,0.0,,,,,,,,,,,,,,,,,,,,,,,,,,
PCDH17,,0.0,,,,,,,,,,,,,,,,,,,,,,,,,,
CCND2,,0.0,,,,,,,,,,,,,,,,,,,,,,,,,,
DNAH7,,0.0,,,,,,,,,,,,,,,,,,,,,,,,,,
C2orf40,,0.0,,,,,,,,,,,,,,,,,,,,,,,,,,
CTNNAL1,,-3.576279e-08,,,,,,,,,,,,,,,,,,,,,,,,,,
NR4A3,,0.0,,,,,,,,,,,,,,,,,,,,,,,,,,
CSF3R,,-1.1920929e-07,,,,,,,,,,,,,,,,,,,,,,,,,,
BBOF1,,0.0,,,,,,,,,,,,,,,,,,,,,,,,,,
LTBP2,,0.0,,,,,,,,,,,,,,,,,,,,,,,,,,
EPCAM,,2.3603438e-06,,,,,,,,,,,,,,,,,,,,,,,,,,
TEK,,0.0,,,,,,,,,,,,,,,,,,,,,,,,,,
CCDC170,,0.0,,,,,,,,,,,,,,,,,,,,,,,,,,
MYCT1,,0.0,,,,,,,,,,,,,,,,,,,,,,,,,,
CXorf21,,0.0,,,,,,,,,,,,,,,,,,,,,,,,,,
TGFBI,,0.0,,,,,,,,,,,,,,,,,,,,,,,,,,
EGR1,,-2.3394823e-05,,,,,,,,,,,,,,,,,,,,,,,,,,
SOCS2,,0.00011423826,,,,,,,,,,,,,,,,,,,,,,,,,,
DUSP4,,0.0,,,,,,,,,,,,,,,,,,,,,,,,,,
CLU,,0.0,,,,,,,,,,,,,,,,,,,,,,,,,,
TBX2,,0.0,,,,,,,,,,,,,,,,,,,,,,,,,,
A1BG,,0.0,,,,,,,,,,,,,,,,,,,,,,,,,,
CSTA,,0.0,,,,,,,,,,,,,,,,,,,,,,,,,,
FABP3,,0.0,,,,,,,,,,,,,,,,,,,,,,,,,,
CCR2,,0.0,,,,,,,,,,,,,,,,,,,,,,,,,,
TNFSF10,,0.0,,,,,,,,,,,,,,,,,,,,,,,,,,
TMEM156,,0.0,,,,,,,,,,,,,,,,,,,,,,,,,,
TMIGD3,,0.0,,,,,,,,,,,,,,,,,,,,,,,,,,
CXCR4,,0.0,,,,,,,,,,,,,,,,,,,,,,,,,,
PAEP,,0.0,,,,,,,,,,,,,,,,,,,,,,,,,,
LAX1,,0.0,,,,,,,,,,,,,,,,,,,,,,,,,,
CD244,,0.0,,,,,,,,,,,,,,,,,,,,,,,,,,
LY9,,0.0,,,,,,,,,,,,,,,,,,,,,,,,,,
ODF2L,,-4.7683717e-08,,,,,,,,,,,,,,,,,,,,,,,,,,
INHBA,,0.0,,,,,,,,,,,,,,,,,,,,,,,,,,
RAMP3,,0.0,,,,,,,,,,,,,,,,,,,,,,,,,,
DNAI1,,0.0,,,,,,,,,,,,,,,,,,,,,,,,,,
CALD1,,0.0,,,,,,,,,,,,,,,,,,,,,,,,,,
SFTPA1,,0.0002892077,,,,,,,,,,,,,,,,,,,,,,,,,,
PLAU,,0.0,,,,,,,,,,,,,,,,,,,,,,,,,,
SRGN,,0.0,,,,,,,,,,,,,,,,,,,,,,,,,,
EGR2,,0.0,,,,,,,,,,,,,,,,,,,,,,,,,,
BHLHE41,,0.0,,,,,,,,,,,,,,,,,,,,,,,,,,
ARHGAP9,,0.0,,,,,,,,,,,,,,,,,,,,,,,,,,
NCKAP1L,,0.0,,,,,,,,,,,,,,,,,,,,,,,,,,
MMP19,,0.0,,,,,,,,,,,,,,,,,,,,,,,,,,
NR4A1,,0.0,,,,,,,,,,,,,,,,,,,,,,,,,,
TNFAIP6,,0.0,,,,,,,,,,,,,,,,,,,,,,,,,,
G0S2,,0.0,,,,,,,,,,,,,,,,,,,,,,,,,,
C4BPA,,-1.3583898e-05,,,,,,,,,,,,,,,,,,,,,,,,,,
DAW1,,0.0,,,,,,,,,,,,,,,,,,,,,,,,,,
PI3,,1.66893e-07,,,,,,,,,,,,,,,,,,,,,,,,,,
SLPI,,0.0012974978,,,,,,,,,,,,,,,,,,,,,,,,,,
PREX1,,0.0,,,,,,,,,,,,,,,,,,,,,,,,,,
TOX2,,0.0,,,,,,,,,,,,,,,,,,,,,,,,,,
ZNF831,,0.0,,,,,,,,,,,,,,,,,,,,,,,,,,
PTGIS,,0.0,,,,,,,,,,,,,,,,,,,,,,,,,,
SNAI1,,0.0,,,,,,,,,,,,,,,,,,,,,,,,,,
C20orf85,,0.0,,,,,,,,,,,,,,,,,,,,,,,,,,
IL17C,,0.0,,,,,,,,,,,,,,,,,,,,,,,,,,
HIF3A,,0.0,,,,,,,,,,,,,,,,,,,,,,,,,,
LYPD3,,0.0,,,,,,,,,,,,,,,,,,,,,,,,,,
F13A1,,0.0,,,,,,,,,,,,,,,,,,,,,,,,,,
HIST1H1D,,0.0,,,,,,,,,,,,,,,,,,,,,,,,,,
TREM1,,4.7683717e-08,,,,,,,,,,,,,,,,,,,,,,,,,,
CDKN1A,,0.0,,,,,,,,,,,,,,,,,,,,,,,,,,
SOX4,,0.0,,,,,,,,,,,,,,,,,,,,,,,,,,
NRN1,,0.0,,,,,,,,,,,,,,,,,,,,,,,,,,
CXCL6,,0.0,,,,,,,,,,,,,,,,,,,,,,,,,,
EREG,,0.0,,,,,,,,,,,,,,,,,,,,,,,,,,
SCGB2A1,,0.0,,,,,,,,,,,,,,,,,,,,,,,,,,
MT1G,,0.0,,,,,,,,,,,,,,,,,,,,,,,,,,
MT2A,,2.0867586e-05,,,,,,,,,,,,,,,,,,,,,,,,,,
GPR18,,0.0,,,,,,,,,,,,,,,,,,,,,,,,,,
EFNB2,,-1.0728836e-07,,,,,,,,,,,,,,,,,,,,,,,,,,
IRF1,,0.0,,,,,,,,,,,,,,,,,,,,,,,,,,
SEPT6,,0.0,,,,,,,,,,,,,,,,,,,,,,,,,,
PTGER2,,0.0,,,,,,,,,,,,,,,,,,,,,,,,,,
KIR2DL1,,0.0,,,,,,,,,,,,,,,,,,,,,,,,,,
IL1B,,0.0,,,,,,,,,,,,,,,,,,,,,,,,,,
CD70,,0.0,,,,,,,,,,,,,,,,,,,,,,,,,,
C3,,0.0,,,,,,,,,,,,,,,,,,,,,,,,,,
TNFSF14,,0.0,,,,,,,,,,,,,,,,,,,,,,,,,,
FOSB,,-1.7917157e-05,,,,,,,,,,,,,,,,,,,,,,,,,,
CD93,,0.0,,,,,,,,,,,,,,,,,,,,,,,,,,
BMP2,,1.013279e-06,,,,,,,,,,,,,,,,,,,,,,,,,,
FLRT3,,0.0,,,,,,,,,,,,,,,,,,,,,,,,,,
PCSK2,,0.0,,,,,,,,,,,,,,,,,,,,,,,,,,
ID1,,-1.4269352e-05,,,,,,,,,,,,,,,,,,,,,,,,,,
BPIFB1,,0.0,,,,,,,,,,,,,,,,,,,,,,,,,,
HCST,,0.0,,,,,,,,,,,,,,,,,,,,,,,,,,
CCR7,,0.0,,,,,,,,,,,,,,,,,,,,,,,,,,
STATH,,0.0,,,,,,,,,,,,,,,,,,,,,,,,,,
IFI6,,0.0,,,,,,,,,,,,,,,,,,,,,,,,,,
CFP,,0.0,,,,,,,,,,,,,,,,,,,,,,,,,,
RHOJ,,0.0,,,,,,,,,,,,,,,,,,,,,,,,,,
HSPA2,,0.0,,,,,,,,,,,,,,,,,,,,,,,,,,
EVI2A,,0.0,,,,,,,,,,,,,,,,,,,,,,,,,,
OMG,,0.0,,,,,,,,,,,,,,,,,,,,,,,,,,
WDR60,,8.3327295e-06,,,,,,,,,,,,,,,,,,,,,,,,,,
RGS13,,0.0,,,,,,,,,,,,,,,,,,,,,,,,,,
OMD,,0.0,,,,,,,,,,,,,,,,,,,,,,,,,,
FGD3,,0.0,,,,,,,,,,,,,,,,,,,,,,,,,,
EDN2,,0.0,,,,,,,,,,,,,,,,,,,,,,,,,,
BCL11B,,0.0,,,,,,,,,,,,,,,,,,,,,,,,,,
IL22,,0.0,,,,,,,,,,,,,,,,,,,,,,,,,,
TSPAN8,,0.0,,,,,,,,,,,,,,,,,,,,,,,,,,
PTPRB,,0.0,,,,,,,,,,,,,,,,,,,,,,,,,,
ADGRE2,,0.0,,,,,,,,,,,,,,,,,,,,,,,,,,
KLF2,,0.0,,,,,,,,,,,,,,,,,,,,,,,,,,
F2RL3,,0.0,,,,,,,,,,,,,,,,,,,,,,,,,,
TUBA4A,,0.0,,,,,,,,,,,,,,,,,,,,,,,,,,
GNG11,,0.0,,,,,,,,,,,,,,,,,,,,,,,,,,
FGL2,,0.0,,,,,,,,,,,,,,,,,,,,,,,,,,
STEAP4,,-8.4638594e-07,,,,,,,,,,,,,,,,,,,,,,,,,,
SPINK2,,0.0,,,,,,,,,,,,,,,,,,,,,,,,,,
KDR,,0.0,,,,,,,,,,,,,,,,,,,,,,,,,,
VPREB3,,0.0,,,,,,,,,,,,,,,,,,,,,,,,,,
RAC2,,0.0,,,,,,,,,,,,,,,,,,,,,,,,,,
LIF,,0.0,,,,,,,,,,,,,,,,,,,,,,,,,,
APOBEC3A,,0.0,,,,,,,,,,,,,,,,,,,,,,,,,,
KRT17,,0.0,,,,,,,,,,,,,,,,,,,,,,,,,,
CPA4,,0.0,,,,,,,,,,,,,,,,,,,,,,,,,,
CDHR3,,0.0,,,,,,,,,,,,,,,,,,,,,,,,,,
PODXL,,0.0,,,,,,,,,,,,,,,,,,,,,,,,,,
CHN1,,0.0,,,,,,,,,,,,,,,,,,,,,,,,,,
ISLR,,0.0,,,,,,,,,,,,,,,,,,,,,,,,,,
PALLD,,0.0,,,,,,,,,,,,,,,,,,,,,,,,,,
CD68,,0.0,,,,,,,,,,,,,,,,,,,,,,,,,,
CDKN2D,,0.0,,,,,,,,,,,,,,,,,,,,,,,,,,
KLK10,,0.0,,,,,,,,,,,,,,,,,,,,,,,,,,
RNASE1,,8.2814695e-05,,,,,,,,,,,,,,,,,,,,,,,,,,
FOXJ1,,0.0,,,,,,,,,,,,,,,,,,,,,,,,,,
CDKN1C,,0.0,,,,,,,,,,,,,,,,,,,,,,,,,,
RPS4Y1,,0.0,,,,,,,,,,,,,,,,,,,,,,,,,,
CNN1,,0.0,,,,,,,,,,,,,,,,,,,,,,,,,,
APOE,,0.0,,,,,,,,,,,,,,,,,,,,,,,,,,
APOC1,,-8.34465e-08,,,,,,,,,,,,,,,,,,,,,,,,,,
GADD45G,,-2.3841858e-08,,,,,,,,,,,,,,,,,,,,,,,,,,
PLVAP,,0.0,,,,,,,,,,,,,,,,,,,,,,,,,,
BST2,,0.0,,,,,,,,,,,,,,,,,,,,,,,,,,
USHBP1,,0.0,,,,,,,,,,,,,,,,,,,,,,,,,,
STK33,,0.0,,,,,,,,,,,,,,,,,,,,,,,,,,
GDF15,,1.0728836e-07,,,,,,,,,,,,,,,,,,,,,,,,,,
LSP1,,0.0,,,,,,,,,,,,,,,,,,,,,,,,,,
COL5A1,,0.0,,,,,,,,,,,,,,,,,,,,,,,,,,
CALY,,0.0,,,,,,,,,,,,,,,,,,,,,,,,,,
GMFG,,0.0,,,,,,,,,,,,,,,,,,,,,,,,,,
MPP1,,0.0,,,,,,,,,,,,,,,,,,,,,,,,,,
ZNF331,,4.1782855e-06,,,,,,,,,,,,,,,,,,,,,,,,,,
RGN,,0.0,,,,,,,,,,,,,,,,,,,,,,,,,,
AKAP12,,0.0,,,,,,,,,,,,,,,,,,,,,,,,,,
SYNE1,,7.348657e-05,,,,,,,,,,,,,,,,,,,,,,,,,,
LILRB2,,0.0,,,,,,,,,,,,,,,,,,,,,,,,,,
BPIFA2,,0.0,,,,,,,,,,,,,,,,,,,,,,,,,,
COX4I2,,0.0,,,,,,,,,,,,,,,,,,,,,,,,,,
HIGD1B,,0.0,,,,,,,,,,,,,,,,,,,,,,,,,,
IDO1,,0.0,,,,,,,,,,,,,,,,,,,,,,,,,,
GALNT15,,0.0,,,,,,,,,,,,,,,,,,,,,,,,,,
NAPSA,,0.00018241405,,,,,,,,,,,,,,,,,,,,,,,,,,
AOC3,,4.7683717e-08,,,,,,,,,,,,,,,,,,,,,,,,,,
RAMP2,,0.0,,,,,,,,,,,,,,,,,,,,,,,,,,
TMEM204,,0.0,,,,,,,,,,,,,,,,,,,,,,,,,,
CA6,,0.0,,,,,,,,,,,,,,,,,,,,,,,,,,
MAP1B,,0.0,,,,,,,,,,,,,,,,,,,,,,,,,,
TOP2A,,-1.1920929e-07,,,,,,,,,,,,,,,,,,,,,,,,,,
CHSY1,,0.0,,,,,,,,,,,,,,,,,,,,,,,,,,
MATN3,,0.0,,,,,,,,,,,,,,,,,,,,,,,,,,
FCRLA,,0.0,,,,,,,,,,,,,,,,,,,,,,,,,,
RAMP1,,0.0,,,,,,,,,,,,,,,,,,,,,,,,,,
PTPRE,,0.0,,,,,,,,,,,,,,,,,,,,,,,,,,
SERPINF1,,0.0,,,,,,,,,,,,,,,,,,,,,,,,,,
JCHAIN,,0.0,,,,,,,,,,,,,,,,,,,,,,,,,,
CLEC10A,,0.0,,,,,,,,,,,,,,,,,,,,,,,,,,
HSPA12B,,0.0,,,,,,,,,,,,,,,,,,,,,,,,,,
NES,,0.0,,,,,,,,,,,,,,,,,,,,,,,,,,
SYT11,,0.0,,,,,,,,,,,,,,,,,,,,,,,,,,
ALOX5AP,,0.0,,,,,,,,,,,,,,,,,,,,,,,,,,
CHI3L1,,2.3841858e-08,,,,,,,,,,,,,,,,,,,,,,,,,,
CHIT1,,0.0,,,,,,,,,,,,,,,,,,,,,,,,,,
POSTN,,0.0,,,,,,,,,,,,,,,,,,,,,,,,,,
STOML3,,0.0,,,,,,,,,,,,,,,,,,,,,,,,,,
BEX1,,-1.1920929e-08,,,,,,,,,,,,,,,,,,,,,,,,,,
MYH11,,0.0,,,,,,,,,,,,,,,,,,,,,,,,,,
GIMAP6,,0.0,,,,,,,,,,,,,,,,,,,,,,,,,,
GIMAP4,,0.0,,,,,,,,,,,,,,,,,,,,,,,,,,
NTS,,0.0,,,,,,,,,,,,,,,,,,,,,,,,,,
LRRIQ1,,0.0,,,,,,,,,,,,,,,,,,,,,,,,,,
SFTPD,,2.5266409e-05,,,,,,,,,,,,,,,,,,,,,,,,,,
DYDC2,,0.0,,,,,,,,,,,,,,,,,,,,,,,,,,
SPINK5,,0.0,,,,,,,,,,,,,,,,,,,,,,,,,,
CA1,,0.0,,,,,,,,,,,,,,,,,,,,,,,,,,
LYVE1,,0.0,,,,,,,,,,,,,,,,,,,,,,,,,,
PEBP4,,1.4477968e-05,,,,,,,,,,,,,,,,,,,,,,,,,,
ADAMDEC1,,0.0,,,,,,,,,,,,,,,,,,,,,,,,,,
GSTM3,,0.0,,,,,,,,,,,,,,,,,,,,,,,,,,
PTPN22,,0.0,,,,,,,,,,,,,,,,,,,,,,,,,,
FKBP11,,0.0,,,,,,,,,,,,,,,,,,,,,,,,,,
SAA2,,0.0,,,,,,,,,,,,,,,,,,,,,,,,,,
FST,,0.0,,,,,,,,,,,,,,,,,,,,,,,,,,
GRP,,0.0,,,,,,,,,,,,,,,,,,,,,,,,,,
IL2RA,,0.0,,,,,,,,,,,,,,,,,,,,,,,,,,
EMP1,,0.0,,,,,,,,,,,,,,,,,,,,,,,,,,
KLRD1,,0.0,,,,,,,,,,,,,,,,,,,,,,,,,,
KLRC1,,0.0,,,,,,,,,,,,,,,,,,,,,,,,,,
PRH2,,0.0,,,,,,,,,,,,,,,,,,,,,,,,,,
RAB33A,,0.0,,,,,,,,,,,,,,,,,,,,,,,,,,
TCN1,,0.0,,,,,,,,,,,,,,,,,,,,,,,,,,
C5AR2,,0.0,,,,,,,,,,,,,,,,,,,,,,,,,,
PDGFRA,,0.0,,,,,,,,,,,,,,,,,,,,,,,,,,
COL4A2,,0.0,,,,,,,,,,,,,,,,,,,,,,,,,,
CLDN10,,0.0,,,,,,,,,,,,,,,,,,,,,,,,,,
ADAMTS8,,0.0,,,,,,,,,,,,,,,,,,,,,,,,,,
ETS1,,0.0,,,,,,,,,,,,,,,,,,,,,,,,,,
CTSL,,2.503395e-07,,,,,,,,,,,,,,,,,,,,,,,,,,
TMEM2,,-2.3841858e-08,,,,,,,,,,,,,,,,,,,,,,,,,,
ADAM19,,0.0,,,,,,,,,,,,,,,,,,,,,,,,,,
HAVCR2,,0.0,,,,,,,,,,,,,,,,,,,,,,,,,,
SDS,,0.0,,,,,,,,,,,,,,,,,,,,,,,,,,
TBX3,,0.0,,,,,,,,,,,,,,,,,,,,,,,,,,
CCDC146,,0.0,,,,,,,,,,,,,,,,,,,,,,,,,,
CD36,,-1.21593475e-05,,,,,,,,,,,,,,,,,,,,,,,,,,
HILPDA,,0.0,,,,,,,,,,,,,,,,,,,,,,,,,,
CGA,,0.0,,,,,,,,,,,,,,,,,,,,,,,,,,
TESPA1,,0.0,,,,,,,,,,,,,,,,,,,,,,,,,,
KRT7,,5.6540965e-05,,,,,,,,,,,,,,,,,,,,,,,,,,
PKIB,,0.0,,,,,,,,,,,,,,,,,,,,,,,,,,
DYSF,,0.0,,,,,,,,,,,,,,,,,,,,,,,,,,
DOCK10,,0.0,,,,,,,,,,,,,,,,,,,,,,,,,,
ITM2C,,0.0,,,,,,,,,,,,,,,,,,,,,,,,,,
SERPINE2,,0.0,,,,,,,,,,,,,,,,,,,,,,,,,,
WNT10A,,0.0,,,,,,,,,,,,,,,,,,,,,,,,,,
CYP27A1,,-3.576279e-08,,,,,,,,,,,,,,,,,,,,,,,,,,
PLXNC1,,0.0,,,,,,,,,,,,,,,,,,,,,,,,,,
LMO7,,-1.4746189e-05,,,,,,,,,,,,,,,,,,,,,,,,,,
SCEL,,-4.351139e-06,,,,,,,,,,,,,,,,,,,,,,,,,,
EDNRB,,-4.053116e-06,,,,,,,,,,,,,,,,,,,,,,,,,,
LCP1,,0.0,,,,,,,,,,,,,,,,,,,,,,,,,,
GPNMB,,-1.1920929e-07,,,,,,,,,,,,,,,,,,,,,,,,,,
RAPGEF5,,-8.362532e-06,,,,,,,,,,,,,,,,,,,,,,,,,,
IL6,,0.0,,,,,,,,,,,,,,,,,,,,,,,,,,
AOAH,,0.0,,,,,,,,,,,,,,,,,,,,,,,,,,
MYO1G,,0.0,,,,,,,,,,,,,,,,,,,,,,,,,,
NKX2-1,,7.033348e-07,,,,,,,,,,,,,,,,,,,,,,,,,,
LIMD2,,0.0,,,,,,,,,,,,,,,,,,,,,,,,,,
SCN7A,,0.0,,,,,,,,,,,,,,,,,,,,,,,,,,
BLK,,0.0,,,,,,,,,,,,,,,,,,,,,,,,,,
IL10,,0.0,,,,,,,,,,,,,,,,,,,,,,,,,,
IL1RN,,0.0,,,,,,,,,,,,,,,,,,,,,,,,,,
GYPC,,0.0,,,,,,,,,,,,,,,,,,,,,,,,,,
WDR38,,0.0,,,,,,,,,,,,,,,,,,,,,,,,,,
ENPP2,,0.0,,,,,,,,,,,,,,,,,,,,,,,,,,
MYC,,4.3690206e-06,,,,,,,,,,,,,,,,,,,,,,,,,,
IL33,,0.0,,,,,,,,,,,,,,,,,,,,,,,,,,
CCL21,,1.8239022e-06,,,,,,,,,,,,,,,,,,,,,,,,,,
SIT1,,0.0,,,,,,,,,,,,,,,,,,,,,,,,,,
SPAG8,,0.0,,,,,,,,,,,,,,,,,,,,,,,,,,
PIM1,,1.0085106e-05,,,,,,,,,,,,,,,,,,,,,,,,,,
IRF4,,0.0,,,,,,,,,,,,,,,,,,,,,,,,,,
IER3,,-4.7683717e-08,,,,,,,,,,,,,,,,,,,,,,,,,,
RNF144B,,0.0,,,,,,,,,,,,,,,,,,,,,,,,,,
FGFBP1,,-1.1920929e-08,,,,,,,,,,,,,,,,,,,,,,,,,,
FGFBP2,,0.0,,,,,,,,,,,,,,,,,,,,,,,,,,
SLCO2B1,,0.0,,,,,,,,,,,,,,,,,,,,,,,,,,
SYTL2,,0.0,,,,,,,,,,,,,,,,,,,,,,,,,,
LRRC32,,0.0,,,,,,,,,,,,,,,,,,,,,,,,,,
SORL1,,0.0,,,,,,,,,,,,,,,,,,,,,,,,,,
MMP7,,0.0,,,,,,,,,,,,,,,,,,,,,,,,,,
C11orf70,,0.0,,,,,,,,,,,,,,,,,,,,,,,,,,
FXYD6,,0.0,,,,,,,,,,,,,,,,,,,,,,,,,,
MMP13,,0.0,,,,,,,,,,,,,,,,,,,,,,,,,,
THBS1,,1.2654066e-05,,,,,,,,,,,,,,,,,,,,,,,,,,
NUSAP1,,0.0,,,,,,,,,,,,,,,,,,,,,,,,,,
GCHFR,,0.0,,,,,,,,,,,,,,,,,,,,,,,,,,
IFI44L,,0.0,,,,,,,,,,,,,,,,,,,,,,,,,,
ARHGAP29,,-1.5223026e-05,,,,,,,,,,,,,,,,,,,,,,,,,,
CLCA2,,0.0,,,,,,,,,,,,,,,,,,,,,,,,,,
CYP1B1,,0.0,,,,,,,,,,,,,,,,,,,,,,,,,,
EMILIN1,,0.0,,,,,,,,,,,,,,,,,,,,,,,,,,
CH25H,,-3.576279e-08,,,,,,,,,,,,,,,,,,,,,,,,,,
DUSP5,,2.3841858e-08,,,,,,,,,,,,,,,,,,,,,,,,,,
KIF20B,,0.0,,,,,,,,,,,,,,,,,,,,,,,,,,
ENTPD1,,0.0,,,,,,,,,,,,,,,,,,,,,,,,,,
RBP4,,0.0,,,,,,,,,,,,,,,,,,,,,,,,,,
STAT4,,0.0,,,,,,,,,,,,,,,,,,,,,,,,,,
SLC40A1,,-1.2588501e-05,,,,,,,,,,,,,,,,,,,,,,,,,,
MNS1,,0.0,,,,,,,,,,,,,,,,,,,,,,,,,,
RASGEF1B,,0.0,,,,,,,,,,,,,,,,,,,,,,,,,,
IL21,,0.0,,,,,,,,,,,,,,,,,,,,,,,,,,
MMRN1,,0.0,,,,,,,,,,,,,,,,,,,,,,,,,,
CXCL9,,0.0,,,,,,,,,,,,,,,,,,,,,,,,,,
CNOT6L,,0.0,,,,,,,,,,,,,,,,,,,,,,,,,,
ANXA3,,6.043911e-05,,,,,,,,,,,,,,,,,,,,,,,,,,
LEF1,,0.0,,,,,,,,,,,,,,,,,,,,,,,,,,
SLC39A8,,1.9073487e-07,,,,,,,,,,,,,,,,,,,,,,,,,,
KIF21A,,5.9604645e-08,,,,,,,,,,,,,,,,,,,,,,,,,,
KLRG1,,0.0,,,,,,,,,,,,,,,,,,,,,,,,,,
CD27,,0.0,,,,,,,,,,,,,,,,,,,,,,,,,,
GLIPR1,,0.0,,,,,,,,,,,,,,,,,,,,,,,,,,
PHLDA1,,0.0,,,,,,,,,,,,,,,,,,,,,,,,,,
DUSP6,,-1.6856193e-05,,,,,,,,,,,,,,,,,,,,,,,,,,
LUM,,0.0,,,,,,,,,,,,,,,,,,,,,,,,,,
ASCL1,,0.0,,,,,,,,,,,,,,,,,,,,,,,,,,
CCDC65,,0.0,,,,,,,,,,,,,,,,,,,,,,,,,,
ITGB7,,0.0,,,,,,,,,,,,,,,,,,,,,,,,,,
GALNT6,,0.0,,,,,,,,,,,,,,,,,,,,,,,,,,
LPAR6,,0.0,,,,,,,,,,,,,,,,,,,,,,,,,,
VPS37B,,7.712841e-06,,,,,,,,,,,,,,,,,,,,,,,,,,
RHOF,,0.0,,,,,,,,,,,,,,,,,,,,,,,,,,
GPR65,,0.0,,,,,,,,,,,,,,,,,,,,,,,,,,
AK7,,0.0,,,,,,,,,,,,,,,,,,,,,,,,,,
FBLN5,,-7.152558e-08,,,,,,,,,,,,,,,,,,,,,,,,,,
WARS,,0.0,,,,,,,,,,,,,,,,,,,,,,,,,,
DUOXA2,,0.0,,,,,,,,,,,,,,,,,,,,,,,,,,
FGF7,,0.0,,,,,,,,,,,,,,,,,,,,,,,,,,
HDC,,0.0,,,,,,,,,,,,,,,,,,,,,,,,,,
PSTPIP1,,0.0,,,,,,,,,,,,,,,,,,,,,,,,,,
BCL2A1,,0.0,,,,,,,,,,,,,,,,,,,,,,,,,,
DNAJA4,,0.0,,,,,,,,,,,,,,,,,,,,,,,,,,
TPM1,,-1.1920929e-08,,,,,,,,,,,,,,,,,,,,,,,,,,
CYP1A1,,0.0,,,,,,,,,,,,,,,,,,,,,,,,,,
RHCG,,0.0,,,,,,,,,,,,,,,,,,,,,,,,,,
MCTP2,,0.0,,,,,,,,,,,,,,,,,,,,,,,,,,
ITGAX,,0.0,,,,,,,,,,,,,,,,,,,,,,,,,,
TGFB1I1,,-2.3841858e-08,,,,,,,,,,,,,,,,,,,,,,,,,,
IGSF6,,0.0,,,,,,,,,,,,,,,,,,,,,,,,,,
CMTM3,,0.0,,,,,,,,,,,,,,,,,,,,,,,,,,
CDH11,,0.0,,,,,,,,,,,,,,,,,,,,,,,,,,
CDH13,,0.0,,,,,,,,,,,,,,,,,,,,,,,,,,
IRF8,,0.0,,,,,,,,,,,,,,,,,,,,,,,,,,
SKAP1,,0.0,,,,,,,,,,,,,,,,,,,,,,,,,,
LRRC46,,0.0,,,,,,,,,,,,,,,,,,,,,,,,,,
ABCA8,,0.0,,,,,,,,,,,,,,,,,,,,,,,,,,
ADCYAP1,,0.0,,,,,,,,,,,,,,,,,,,,,,,,,,
SLC14A1,,0.0,,,,,,,,,,,,,,,,,,,,,,,,,,
PIK3R5,,5.245209e-07,,,,,,,,,,,,,,,,,,,,,,,,,,
PMAIP1,,0.0,,,,,,,,,,,,,,,,,,,,,,,,,,
PNMT,,0.0,,,,,,,,,,,,,,,,,,,,,,,,,,
IGFBP4,,0.0,,,,,,,,,,,,,,,,,,,,,,,,,,
PLPP2,,0.0,,,,,,,,,,,,,,,,,,,,,,,,,,
IFITM3,,4.184246e-06,,,,,,,,,,,,,,,,,,,,,,,,,,
COL6A1,,0.0,,,,,,,,,,,,,,,,,,,,,,,,,,
COL6A2,,0.0,,,,,,,,,,,,,,,,,,,,,,,,,,
IL19,,0.0,,,,,,,,,,,,,,,,,,,,,,,,,,
EMP3,,1.1920929e-07,,,,,,,,,,,,,,,,,,,,,,,,,,
MYO1F,,0.0,,,,,,,,,,,,,,,,,,,,,,,,,,
SIGLEC10,,0.0,,,,,,,,,,,,,,,,,,,,,,,,,,
FHAD1,,0.0,,,,,,,,,,,,,,,,,,,,,,,,,,
FCN3,,0.0,,,,,,,,,,,,,,,,,,,,,,,,,,
HSPG2,,-5.9604645e-08,,,,,,,,,,,,,,,,,,,,,,,,,,
CYR61,,-1.1205673e-05,,,,,,,,,,,,,,,,,,,,,,,,,,
TINAGL1,,0.0,,,,,,,,,,,,,,,,,,,,,,,,,,
CYP4B1,,8.46386e-06,,,,,,,,,,,,,,,,,,,,,,,,,,
C1orf162,,0.0,,,,,,,,,,,,,,,,,,,,,,,,,,
CD53,,6.8068503e-06,,,,,,,,,,,,,,,,,,,,,,,,,,
ITGA10,,0.0,,,,,,,,,,,,,,,,,,,,,,,,,,
XCL1,,0.0,,,,,,,,,,,,,,,,,,,,,,,,,,
XCL2,,0.0,,,,,,,,,,,,,,,,,,,,,,,,,,
DPT,,0.0,,,,,,,,,,,,,,,,,,,,,,,,,,
FCGR2A,,0.0,,,,,,,,,,,,,,,,,,,,,,,,,,
RGS5,,0.0,,,,,,,,,,,,,,,,,,,,,,,,,,
FCRL5,,0.0,,,,,,,,,,,,,,,,,,,,,,,,,,
CRABP2,,-1.1920929e-08,,,,,,,,,,,,,,,,,,,,,,,,,,
RGS16,,8.251071e-05,,,,,,,,,,,,,,,,,,,,,,,,,,
ECM1,,-2.002716e-06,,,,,,,,,,,,,,,,,,,,,,,,,,
CTSK,,0.0,,,,,,,,,,,,,,,,,,,,,,,,,,
SELENBP1,,9.703636e-06,,,,,,,,,,,,,,,,,,,,,,,,,,
C1orf56,,1.1920929e-08,,,,,,,,,,,,,,,,,,,,,,,,,,
CRNN,,0.0,,,,,,,,,,,,,,,,,,,,,,,,,,
S100A8,,2.503395e-07,,,,,,,,,,,,,,,,,,,,,,,,,,
S100A7,,0.0,,,,,,,,,,,,,,,,,,,,,,,,,,
PTPN7,,0.0,,,,,,,,,,,,,,,,,,,,,,,,,,
NPHP1,,0.0,,,,,,,,,,,,,,,,,,,,,,,,,,
MALL,,-6.5267086e-06,,,,,,,,,,,,,,,,,,,,,,,,,,
AFF3,,-1.1920929e-08,,,,,,,,,,,,,,,,,,,,,,,,,,
SPAG16,,0.0,,,,,,,,,,,,,,,,,,,,,,,,,,
ACKR3,,0.0,,,,,,,,,,,,,,,,,,,,,,,,,,
NFKBIZ,,0.0,,,,,,,,,,,,,,,,,,,,,,,,,,
COL8A1,,0.0,,,,,,,,,,,,,,,,,,,,,,,,,,
PHLDB2,,0.0,,,,,,,,,,,,,,,,,,,,,,,,,,
PLA1A,,0.0,,,,,,,,,,,,,,,,,,,,,,,,,,
CCDC39,,0.0,,,,,,,,,,,,,,,,,,,,,,,,,,
SLIT2,,0.0,,,,,,,,,,,,,,,,,,,,,,,,,,
PLAC8,,0.0,,,,,,,,,,,,,,,,,,,,,,,,,,
MARCH1,,0.0,,,,,,,,,,,,,,,,,,,,,,,,,,
SFRP2,,0.0,,,,,,,,,,,,,,,,,,,,,,,,,,
ROPN1L,,0.0,,,,,,,,,,,,,,,,,,,,,,,,,,
PLK2,,0.0,,,,,,,,,,,,,,,,,,,,,,,,,,
GZMA,,0.0,,,,,,,,,,,,,,,,,,,,,,,,,,
PIK3R1,,0.0,,,,,,,,,,,,,,,,,,,,,,,,,,
IQGAP2,,0.0,,,,,,,,,,,,,,,,,,,,,,,,,,
CXCL14,,0.0,,,,,,,,,,,,,,,,,,,,,,,,,,
SPINK7,,0.0,,,,,,,,,,,,,,,,,,,,,,,,,,
KCNMB1,,0.0,,,,,,,,,,,,,,,,,,,,,,,,,,
GFOD1,,0.0,,,,,,,,,,,,,,,,,,,,,,,,,,
PLA2G7,,0.0,,,,,,,,,,,,,,,,,,,,,,,,,,
PPP1R18,,0.0,,,,,,,,,,,,,,,,,,,,,,,,,,
SCML4,,0.0,,,,,,,,,,,,,,,,,,,,,,,,,,
CREB5,,0.0,,,,,,,,,,,,,,,,,,,,,,,,,,
IGFBP3,,0.0,,,,,,,,,,,,,,,,,,,,,,,,,,
TMEM47,,0.0,,,,,,,,,,,,,,,,,,,,,,,,,,
CXorf36,,0.0,,,,,,,,,,,,,,,,,,,,,,,,,,
IL2RG,,0.0,,,,,,,,,,,,,,,,,,,,,,,,,,
GPC3,,0.0,,,,,,,,,,,,,,,,,,,,,,,,,,
CETN2,,8.559227e-06,,,,,,,,,,,,,,,,,,,,,,,,,,
DOK2,,0.0,,,,,,,,,,,,,,,,,,,,,,,,,,
SLC25A37,,-3.576279e-08,,,,,,,,,,,,,,,,,,,,,,,,,,
MAL2,,-3.1352042e-06,,,,,,,,,,,,,,,,,,,,,,,,,,
NFIB,,0.0,,,,,,,,,,,,,,,,,,,,,,,,,,
PLIN2,,-3.576279e-08,,,,,,,,,,,,,,,,,,,,,,,,,,
NTRK2,,0.0,,,,,,,,,,,,,,,,,,,,,,,,,,
GSN,,-2.026558e-06,,,,,,,,,,,,,,,,,,,,,,,,,,
LCN2,,-1.1920929e-08,,,,,,,,,,,,,,,,,,,,,,,,,,
ZEB1,,0.0,,,,,,,,,,,,,,,,,,,,,,,,,,
ADIRF,,-4.2915343e-07,,,,,,,,,,,,,,,,,,,,,,,,,,
ANKRD1,,0.0,,,,,,,,,,,,,,,,,,,,,,,,,,
MKI67,,0.0,,,,,,,,,,,,,,,,,,,,,,,,,,
ADAM12,,0.0,,,,,,,,,,,,,,,,,,,,,,,,,,
ADM,,0.0,,,,,,,,,,,,,,,,,,,,,,,,,,
SCGB1A1,,0.0,,,,,,,,,,,,,,,,,,,,,,,,,,
SYT8,,0.0,,,,,,,,,,,,,,,,,,,,,,,,,,
SERPING1,,4.172325e-07,,,,,,,,,,,,,,,,,,,,,,,,,,
SERPINH1,,-4.2915343e-07,,,,,,,,,,,,,,,,,,,,,,,,,,
NCAM1,,0.0,,,,,,,,,,,,,,,,,,,,,,,,,,
GGTLC1,,-5.9604645e-08,,,,,,,,,,,,,,,,,,,,,,,,,,
MS4A3,,0.0,,,,,,,,,,,,,,,,,,,,,,,,,,
MS4A2,,0.0,,,,,,,,,,,,,,,,,,,,,,,,,,
ESAM,,-1.47104265e-05,,,,,,,,,,,,,,,,,,,,,,,,,,
TAGLN,,0.0,,,,,,,,,,,,,,,,,,,,,,,,,,
CDC42EP2,,0.0,,,,,,,,,,,,,,,,,,,,,,,,,,
KLRF1,,0.0,,,,,,,,,,,,,,,,,,,,,,,,,,
FCGR1A,,0.0,,,,,,,,,,,,,,,,,,,,,,,,,,
ARID5B,,1.1247396e-05,,,,,,,,,,,,,,,,,,,,,,,,,,
CD226,,0.0,,,,,,,,,,,,,,,,,,,,,,,,,,
RGS18,,0.0,,,,,,,,,,,,,,,,,,,,,,,,,,
PRSS23,,0.0,,,,,,,,,,,,,,,,,,,,,,,,,,
ENKUR,,0.0,,,,,,,,,,,,,,,,,,,,,,,,,,
CACNA2D4,,0.0,,,,,,,,,,,,,,,,,,,,,,,,,,
ATP6V1G3,,0.0,,,,,,,,,,,,,,,,,,,,,,,,,,
AKR1C2,,0.0,,,,,,,,,,,,,,,,,,,,,,,,,,
ADAM8,,0.0,,,,,,,,,,,,,,,,,,,,,,,,,,
FLI1,,0.0,,,,,,,,,,,,,,,,,,,,,,,,,,
PARP8,,1.1920929e-08,,,,,,,,,,,,,,,,,,,,,,,,,,
DST,,-2.2172928e-06,,,,,,,,,,,,,,,,,,,,,,,,,,
BAG3,,0.0,,,,,,,,,,,,,,,,,,,,,,,,,,
HSPB8,,1.0997057e-05,,,,,,,,,,,,,,,,,,,,,,,,,,
PDE3B,,0.0,,,,,,,,,,,,,,,,,,,,,,,,,,
CAMK4,,0.0,,,,,,,,,,,,,,,,,,,,,,,,,,
ZFP36L2,,3.207922e-05,,,,,,,,,,,,,,,,,,,,,,,,,,
SPEF2,,0.0,,,,,,,,,,,,,,,,,,,,,,,,,,
SPARCL1,,0.0,,,,,,,,,,,,,,,,,,,,,,,,,,
CAPSL,,0.0,,,,,,,,,,,,,,,,,,,,,,,,,,
GJA1,,0.0,,,,,,,,,,,,,,,,,,,,,,,,,,
CCNO,,0.0,,,,,,,,,,,,,,,,,,,,,,,,,,
TCTEX1D1,,0.0,,,,,,,,,,,,,,,,,,,,,,,,,,
WDR78,,0.0,,,,,,,,,,,,,,,,,,,,,,,,,,
JAKMIP1,,0.0,,,,,,,,,,,,,,,,,,,,,,,,,,
NR4A2,,0.0,,,,,,,,,,,,,,,,,,,,,,,,,,
CD96,,0.0,,,,,,,,,,,,,,,,,,,,,,,,,,
FAM81B,,0.0,,,,,,,,,,,,,,,,,,,,,,,,,,
LPCAT1,,-1.5497207e-07,,,,,,,,,,,,,,,,,,,,,,,,,,
C16orf89,,-4.7683717e-08,,,,,,,,,,,,,,,,,,,,,,,,,,
CD8A,,0.0,,,,,,,,,,,,,,,,,,,,,,,,,,
CNKSR3,,-2.3841858e-08,,,,,,,,,,,,,,,,,,,,,,,,,,
FAM92B,,0.0,,,,,,,,,,,,,,,,,,,,,,,,,,
CHST9,,0.0,,,,,,,,,,,,,,,,,,,,,,,,,,
THY1,,0.0,,,,,,,,,,,,,,,,,,,,,,,,,,
DNAAF1,,0.0,,,,,,,,,,,,,,,,,,,,,,,,,,
ROBO4,,0.0,,,,,,,,,,,,,,,,,,,,,,,,,,
ABI3BP,,0.0,,,,,,,,,,,,,,,,,,,,,,,,,,
ANGPT1,,0.0,,,,,,,,,,,,,,,,,,,,,,,,,,
ABCA6,,0.0,,,,,,,,,,,,,,,,,,,,,,,,,,
UCHL1,,0.0,,,,,,,,,,,,,,,,,,,,,,,,,,
GBP5,,0.0,,,,,,,,,,,,,,,,,,,,,,,,,,
CCDC173,,0.0,,,,,,,,,,,,,,,,,,,,,,,,,,
PDLIM3,,0.0,,,,,,,,,,,,,,,,,,,,,,,,,,
SORBS2,,0.0,,,,,,,,,,,,,,,,,,,,,,,,,,
JAM2,,0.0,,,,,,,,,,,,,,,,,,,,,,,,,,
ADAMTS1,,0.0,,,,,,,,,,,,,,,,,,,,,,,,,,
OXNAD1,,0.0,,,,,,,,,,,,,,,,,,,,,,,,,,
DKK2,,0.0,,,,,,,,,,,,,,,,,,,,,,,,,,
SAMSN1,,0.0,,,,,,,,,,,,,,,,,,,,,,,,,,
XAGE2,,1.0728836e-07,,,,,,,,,,,,,,,,,,,,,,,,,,
PIK3AP1,,0.0,,,,,,,,,,,,,,,,,,,,,,,,,,
TTN,,0.00030542017,,,,,,,,,,,,,,,,,,,,,,,,,,
VSIG4,,-1.66893e-07,,,,,,,,,,,,,,,,,,,,,,,,,,
OTOA,,0.0,,,,,,,,,,,,,,,,,,,,,,,,,,
SPAG17,,0.0,,,,,,,,,,,,,,,,,,,,,,,,,,
SLC26A2,,0.0,,,,,,,,,,,,,,,,,,,,,,,,,,
SLA,,0.0,,,,,,,,,,,,,,,,,,,,,,,,,,
CFAP70,,0.0,,,,,,,,,,,,,,,,,,,,,,,,,,
WIF1,,3.7431716e-06,,,,,,,,,,,,,,,,,,,,,,,,,,
KCNMA1,,0.0,,,,,,,,,,,,,,,,,,,,,,,,,,
BATF,,0.0,,,,,,,,,,,,,,,,,,,,,,,,,,
CXCL13,,0.0,,,,,,,,,,,,,,,,,,,,,,,,,,
TSPAN7,,0.0,,,,,,,,,,,,,,,,,,,,,,,,,,
RPGR,,0.0,,,,,,,,,,,,,,,,,,,,,,,,,,
PPP2R2B,,0.0,,,,,,,,,,,,,,,,,,,,,,,,,,
MS4A1,,0.0,,,,,,,,,,,,,,,,,,,,,,,,,,
FBXO32,,0.0,,,,,,,,,,,,,,,,,,,,,,,,,,
SST,,0.0,,,,,,,,,,,,,,,,,,,,,,,,,,
NRG1,,0.0,,,,,,,,,,,,,,,,,,,,,,,,,,
KIT,,0.0,,,,,,,,,,,,,,,,,,,,,,,,,,
HYDIN,,0.0,,,,,,,,,,,,,,,,,,,,,,,,,,
TSC22D3,,3.0994414e-07,,,,,,,,,,,,,,,,,,,,,,,,,,
ERG,,0.0,,,,,,,,,,,,,,,,,,,,,,,,,,
SLC34A2,,9.331107e-05,,,,,,,,,,,,,,,,,,,,,,,,,,
DRC1,,0.0,,,,,,,,,,,,,,,,,,,,,,,,,,
WDR66,,0.0,,,,,,,,,,,,,,,,,,,,,,,,,,
DUSP2,,0.0,,,,,,,,,,,,,,,,,,,,,,,,,,
UBXN11,,0.0,,,,,,,,,,,,,,,,,,,,,,,,,,
DZIP1L,,0.0,,,,,,,,,,,,,,,,,,,,,,,,,,
CD1A,,0.0,,,,,,,,,,,,,,,,,,,,,,,,,,
CD1C,,0.0,,,,,,,,,,,,,,,,,,,,,,,,,,
DNAH3,,0.0,,,,,,,,,,,,,,,,,,,,,,,,,,
CD1E,,0.0,,,,,,,,,,,,,,,,,,,,,,,,,,
NCF1,,0.0,,,,,,,,,,,,,,,,,,,,,,,,,,
ALAS2,,0.0,,,,,,,,,,,,,,,,,,,,,,,,,,
NBL1,,0.0,,,,,,,,,,,,,,,,,,,,,,,,,,
CDA,,0.0,,,,,,,,,,,,,,,,,,,,,,,,,,
ADAMTS4,,0.0,,,,,,,,,,,,,,,,,,,,,,,,,,
FCER1G,,1.2397766e-06,,,,,,,,,,,,,,,,,,,,,,,,,,
STC1,,0.0,,,,,,,,,,,,,,,,,,,,,,,,,,
C1QC,,0.0,,,,,,,,,,,,,,,,,,,,,,,,,,
RCAN1,,0.0,,,,,,,,,,,,,,,,,,,,,,,,,,
CBR3,,2.3841858e-08,,,,,,,,,,,,,,,,,,,,,,,,,,
ACTC1,,0.0,,,,,,,,,,,,,,,,,,,,,,,,,,
SCUBE1,,0.0,,,,,,,,,,,,,,,,,,,,,,,,,,
PADI4,,0.0,,,,,,,,,,,,,,,,,,,,,,,,,,
BTG2,,1.1140108e-05,,,,,,,,,,,,,,,,,,,,,,,,,,
C1R,,3.1828881e-06,,,,,,,,,,,,,,,,,,,,,,,,,,
RGL4,,0.0,,,,,,,,,,,,,,,,,,,,,,,,,,
CCDC17,,0.0,,,,,,,,,,,,,,,,,,,,,,,,,,
SPON2,,0.0,,,,,,,,,,,,,,,,,,,,,,,,,,
TPPP3,,0.0,,,,,,,,,,,,,,,,,,,,,,,,,,
AGRP,,0.0,,,,,,,,,,,,,,,,,,,,,,,,,,
PIP,,0.0,,,,,,,,,,,,,,,,,,,,,,,,,,
TNFRSF13C,,0.0,,,,,,,,,,,,,,,,,,,,,,,,,,
PTGIR,,0.0,,,,,,,,,,,,,,,,,,,,,,,,,,
TFF3,,0.0,,,,,,,,,,,,,,,,,,,,,,,,,,
TFF1,,0.0,,,,,,,,,,,,,,,,,,,,,,,,,,
RSPH1,,0.0,,,,,,,,,,,,,,,,,,,,,,,,,,
ITGB2,,0.0,,,,,,,,,,,,,,,,,,,,,,,,,,
C21orf58,,0.0,,,,,,,,,,,,,,,,,,,,,,,,,,
S100B,,0.0,,,,,,,,,,,,,,,,,,,,,,,,,,
C9orf116,,2.6226044e-07,,,,,,,,,,,,,,,,,,,,,,,,,,
CFAP157,,4.5657157e-06,,,,,,,,,,,,,,,,,,,,,,,,,,
TMEM190,,0.0,,,,,,,,,,,,,,,,,,,,,,,,,,
JAML,,0.0,,,,,,,,,,,,,,,,,,,,,,,,,,
CD3G,,0.0,,,,,,,,,,,,,,,,,,,,,,,,,,
S100A1,,0.0,,,,,,,,,,,,,,,,,,,,,,,,,,
CXCR5,,0.0,,,,,,,,,,,,,,,,,,,,,,,,,,
FCRL3,,0.0,,,,,,,,,,,,,,,,,,,,,,,,,,
AZGP1,,0.0,,,,,,,,,,,,,,,,,,,,,,,,,,
FGFR4,,0.0,,,,,,,,,,,,,,,,,,,,,,,,,,
SCGB3A1,,-5.9604645e-08,,,,,,,,,,,,,,,,,,,,,,,,,,
DMKN,,-1.1920929e-08,,,,,,,,,,,,,,,,,,,,,,,,,,
COX7A1,,0.0,,,,,,,,,,,,,,,,,,,,,,,,,,
IKZF3,,0.0,,,,,,,,,,,,,,,,,,,,,,,,,,
ITGA5,,0.0,,,,,,,,,,,,,,,,,,,,,,,,,,
CD300LG,,0.0,,,,,,,,,,,,,,,,,,,,,,,,,,
AQP5,,0.0,,,,,,,,,,,,,,,,,,,,,,,,,,
GRASP,,0.0,,,,,,,,,,,,,,,,,,,,,,,,,,
ASGR2,,0.0,,,,,,,,,,,,,,,,,,,,,,,,,,
CCDC78,,0.0,,,,,,,,,,,,,,,,,,,,,,,,,,
ZG16B,,0.0,,,,,,,,,,,,,,,,,,,,,,,,,,
PDZK1IP1,,0.0,,,,,,,,,,,,,,,,,,,,,,,,,,
TAL1,,0.0,,,,,,,,,,,,,,,,,,,,,,,,,,
BSND,,0.0,,,,,,,,,,,,,,,,,,,,,,,,,,
RBP7,,0.0,,,,,,,,,,,,,,,,,,,,,,,,,,
PDPN,,0.0,,,,,,,,,,,,,,,,,,,,,,,,,,
LAPTM5,,0.0,,,,,,,,,,,,,,,,,,,,,,,,,,
UBXN10,,0.0,,,,,,,,,,,,,,,,,,,,,,,,,,
CAMK2N1,,0.0,,,,,,,,,,,,,,,,,,,,,,,,,,
ALPL,,7.152558e-08,,,,,,,,,,,,,,,,,,,,,,,,,,
TTLL10,,0.0,,,,,,,,,,,,,,,,,,,,,,,,,,
MXRA8,,0.0,,,,,,,,,,,,,,,,,,,,,,,,,,
C1orf87,,0.0,,,,,,,,,,,,,,,,,,,,,,,,,,
NEXN,,0.0,,,,,,,,,,,,,,,,,,,,,,,,,,
DNAJB4,,0.0,,,,,,,,,,,,,,,,,,,,,,,,,,
ADGRL4,,0.0,,,,,,,,,,,,,,,,,,,,,,,,,,
GBP4,,0.0,,,,,,,,,,,,,,,,,,,,,,,,,,
GFI1,,0.0,,,,,,,,,,,,,,,,,,,,,,,,,,
VCAM1,,0.0,,,,,,,,,,,,,,,,,,,,,,,,,,
NLRP3,,0.0,,,,,,,,,,,,,,,,,,,,,,,,,,
SLAMF6,,0.0,,,,,,,,,,,,,,,,,,,,,,,,,,
OLFML2B,,0.0,,,,,,,,,,,,,,,,,,,,,,,,,,
ATF3,,8.34465e-08,,,,,,,,,,,,,,,,,,,,,,,,,,
SPATA17,,0.0,,,,,,,,,,,,,,,,,,,,,,,,,,
IL24,,0.0,,,,,,,,,,,,,,,,,,,,,,,,,,
FCMR,,0.0,,,,,,,,,,,,,,,,,,,,,,,,,,
PIGR,,3.3980607e-05,,,,,,,,,,,,,,,,,,,,,,,,,,
FRZB,,0.0,,,,,,,,,,,,,,,,,,,,,,,,,,
ACTG2,,0.0,,,,,,,,,,,,,,,,,,,,,,,,,,
CCDC74A,,0.0,,,,,,,,,,,,,,,,,,,,,,,,,,
SPATA18,,0.0,,,,,,,,,,,,,,,,,,,,,,,,,,
NOSTRIN,,0.0,,,,,,,,,,,,,,,,,,,,,,,,,,
CFAP221,,0.0,,,,,,,,,,,,,,,,,,,,,,,,,,
HPGDS,,0.0,,,,,,,,,,,,,,,,,,,,,,,,,,
CTSS,,1.4305115e-07,,,,,,,,,,,,,,,,,,,,,,,,,,
SPRR3,,0.0,,,,,,,,,,,,,,,,,,,,,,,,,,
SPRR2D,,0.0,,,,,,,,,,,,,,,,,,,,,,,,,,
ARHGAP25,,0.0,,,,,,,,,,,,,,,,,,,,,,,,,,
S100A9,,1.1920929e-08,,,,,,,,,,,,,,,,,,,,,,,,,,
S100A12,,0.0,,,,,,,,,,,,,,,,,,,,,,,,,,
NPPC,,0.0,,,,,,,,,,,,,,,,,,,,,,,,,,
GPR155,,0.0,,,,,,,,,,,,,,,,,,,,,,,,,,
PBXIP1,,3.576279e-08,,,,,,,,,,,,,,,,,,,,,,,,,,
COL6A3,,0.0,,,,,,,,,,,,,,,,,,,,,,,,,,
PROK2,,0.0,,,,,,,,,,,,,,,,,,,,,,,,,,
FSTL1,,0.0,,,,,,,,,,,,,,,,,,,,,,,,,,
LMOD1,,0.0,,,,,,,,,,,,,,,,,,,,,,,,,,
ELF3,,3.8206577e-05,,,,,,,,,,,,,,,,,,,,,,,,,,
IGFBP7,,0.0,,,,,,,,,,,,,,,,,,,,,,,,,,
NEK10,,0.0,,,,,,,,,,,,,,,,,,,,,,,,,,
EOMES,,0.0,,,,,,,,,,,,,,,,,,,,,,,,,,
TRAT1,,0.0,,,,,,,,,,,,,,,,,,,,,,,,,,
FBLN2,,0.0,,,,,,,,,,,,,,,,,,,,,,,,,,
MNDA,,0.0,,,,,,,,,,,,,,,,,,,,,,,,,,
PYHIN1,,0.0,,,,,,,,,,,,,,,,,,,,,,,,,,
EFHB,,0.0,,,,,,,,,,,,,,,,,,,,,,,,,,
CTLA4,,0.0,,,,,,,,,,,,,,,,,,,,,,,,,,
ICOS,,0.0,,,,,,,,,,,,,,,,,,,,,,,,,,
CADPS,,0.0,,,,,,,,,,,,,,,,,,,,,,,,,,
ADAMTS9,,0.0,,,,,,,,,,,,,,,,,,,,,,,,,,
PTX3,,0.0,,,,,,,,,,,,,,,,,,,,,,,,,,
DNASE1L3,,0.0,,,,,,,,,,,,,,,,,,,,,,,,,,
PCOLCE2,,0.0,,,,,,,,,,,,,,,,,,,,,,,,,,
CXCL3,,0.0,,,,,,,,,,,,,,,,,,,,,,,,,,
CXCL5,,0.0,,,,,,,,,,,,,,,,,,,,,,,,,,
PPBP,,0.0,,,,,,,,,,,,,,,,,,,,,,,,,,
PF4,,0.0,,,,,,,,,,,,,,,,,,,,,,,,,,
CXCL1,,0.0,,,,,,,,,,,,,,,,,,,,,,,,,,
CPA3,,0.0,,,,,,,,,,,,,,,,,,,,,,,,,,
TM4SF18,,0.0,,,,,,,,,,,,,,,,,,,,,,,,,,
CCR1,,0.0,,,,,,,,,,,,,,,,,,,,,,,,,,
DNALI1,,0.0,,,,,,,,,,,,,,,,,,,,,,,,,,
CFAP100,,0.0,,,,,,,,,,,,,,,,,,,,,,,,,,
S100P,,0.0,,,,,,,,,,,,,,,,,,,,,,,,,,
EMCN,,0.0,,,,,,,,,,,,,,,,,,,,,,,,,,
CAMP,,0.0,,,,,,,,,,,,,,,,,,,,,,,,,,
SPRY1,,0.0,,,,,,,,,,,,,,,,,,,,,,,,,,
HMGB2,,-8.34465e-08,,,,,,,,,,,,,,,,,,,,,,,,,,
HPGD,,0.0,,,,,,,,,,,,,,,,,,,,,,,,,,
FAM198B,,0.0,,,,,,,,,,,,,,,,,,,,,,,,,,
HHIP,,-9.536743e-08,,,,,,,,,,,,,,,,,,,,,,,,,,
PRMT9,,0.0,,,,,,,,,,,,,,,,,,,,,,,,,,
SCGB3A2,,8.19087e-05,,,,,,,,,,,,,,,,,,,,,,,,,,
SPINK1,,0.0,,,,,,,,,,,,,,,,,,,,,,,,,,
ESM1,,0.0,,,,,,,,,,,,,,,,,,,,,,,,,,
CDC20B,,0.0,,,,,,,,,,,,,,,,,,,,,,,,,,
EBF1,,0.0,,,,,,,,,,,,,,,,,,,,,,,,,,
CSF2,,0.0,,,,,,,,,,,,,,,,,,,,,,,,,,
SAMD3,,0.0,,,,,,,,,,,,,,,,,,,,,,,,,,
IL22RA2,,0.0,,,,,,,,,,,,,,,,,,,,,,,,,,
PI16,,0.0,,,,,,,,,,,,,,,,,,,,,,,,,,
STK17A,,0.0,,,,,,,,,,,,,,,,,,,,,,,,,,
PTTG1,,0.0,,,,,,,,,,,,,,,,,,,,,,,,,,
SYTL3,,0.0,,,,,,,,,,,,,,,,,,,,,,,,,,
IQUB,,0.0,,,,,,,,,,,,,,,,,,,,,,,,,,
HEY1,,0.0,,,,,,,,,,,,,,,,,,,,,,,,,,
FABP5,,-2.2345781e-05,,,,,,,,,,,,,,,,,,,,,,,,,,
TAGAP,,0.0,,,,,,,,,,,,,,,,,,,,,,,,,,
COL1A2,,0.0,,,,,,,,,,,,,,,,,,,,,,,,,,
SOX17,,0.0,,,,,,,,,,,,,,,,,,,,,,,,,,
DLC1,,3.7014483e-06,,,,,,,,,,,,,,,,,,,,,,,,,,
DEFB1,,0.0,,,,,,,,,,,,,,,,,,,,,,,,,,
GPR146,,0.0,,,,,,,,,,,,,,,,,,,,,,,,,,
CA3,,0.0,,,,,,,,,,,,,,,,,,,,,,,,,,
CTHRC1,,0.0,,,,,,,,,,,,,,,,,,,,,,,,,,
GEM,,0.0,,,,,,,,,,,,,,,,,,,,,,,,,,
TMEM67,,0.0,,,,,,,,,,,,,,,,,,,,,,,,,,
C9orf24,,0.0,,,,,,,,,,,,,,,,,,,,,,,,,,
ABCA1,,0.0,,,,,,,,,,,,,,,,,,,,,,,,,,
TMEM71,,0.0,,,,,,,,,,,,,,,,,,,,,,,,,,
MAMDC2,,0.0,,,,,,,,,,,,,,,,,,,,,,,,,,
SVEP1,,0.0,,,,,,,,,,,,,,,,,,,,,,,,,,
FBP1,,4.7683717e-08,,,,,,,,,,,,,,,,,,,,,,,,,,
CYBB,,0.0,,,,,,,,,,,,,,,,,,,,,,,,,,
CLDN3,,1.513958e-06,,,,,,,,,,,,,,,,,,,,,,,,,,
AQP3,,-2.8139353e-05,,,,,,,,,,,,,,,,,,,,,,,,,,
ARMC3,,0.0,,,,,,,,,,,,,,,,,,,,,,,,,,
OTUD1,,0.0,,,,,,,,,,,,,,,,,,,,,,,,,,
FOLR2,,0.0,,,,,,,,,,,,,,,,,,,,,,,,,,
C10orf10,,0.0,,,,,,,,,,,,,,,,,,,,,,,,,,
SLC18A2,,0.0,,,,,,,,,,,,,,,,,,,,,,,,,,
CLEC1B,,0.0,,,,,,,,,,,,,,,,,,,,,,,,,,
C9orf9,,0.0,,,,,,,,,,,,,,,,,,,,,,,,,,
NDRG2,,-2.3841858e-08,,,,,,,,,,,,,,,,,,,,,,,,,,
BTNL9,,0.0,,,,,,,,,,,,,,,,,,,,,,,,,,
IFI27,,0.0,,,,,,,,,,,,,,,,,,,,,,,,,,
ARL5B,,-7.5757503e-06,,,,,,,,,,,,,,,,,,,,,,,,,,
HTRA1,,0.0,,,,,,,,,,,,,,,,,,,,,,,,,,
JAM3,,0.0,,,,,,,,,,,,,,,,,,,,,,,,,,
FBN1,,0.0,,,,,,,,,,,,,,,,,,,,,,,,,,
CKB,,-2.3841858e-08,,,,,,,,,,,,,,,,,,,,,,,,,,
DPCD,,1.1920929e-08,,,,,,,,,,,,,,,,,,,,,,,,,,
CYYR1,,0.0,,,,,,,,,,,,,,,,,,,,,,,,,,
PLEKHF1,,0.0,,,,,,,,,,,,,,,,,,,,,,,,,,
TMEM100,,0.0,,,,,,,,,,,,,,,,,,,,,,,,,,
CYB5A,,4.10676e-06,,,,,,,,,,,,,,,,,,,,,,,,,,
PLD4,,0.0,,,,,,,,,,,,,,,,,,,,,,,,,,
MFAP4,,0.0,,,,,,,,,,,,,,,,,,,,,,,,,,
PRKCB,,0.0,,,,,,,,,,,,,,,,,,,,,,,,,,
CLEC4E,,0.0,,,,,,,,,,,,,,,,,,,,,,,,,,
CLEC4D,,0.0,,,,,,,,,,,,,,,,,,,,,,,,,,
RRAD,,1.4305115e-07,,,,,,,,,,,,,,,,,,,,,,,,,,
CFAP52,,0.0,,,,,,,,,,,,,,,,,,,,,,,,,,
MMP10,,0.0,,,,,,,,,,,,,,,,,,,,,,,,,,
NNMT,,1.4305115e-07,,,,,,,,,,,,,,,,,,,,,,,,,,
KIAA0101,,0.0,,,,,,,,,,,,,,,,,,,,,,,,,,
ANPEP,,0.0,,,,,,,,,,,,,,,,,,,,,,,,,,
C15orf48,,0.0,,,,,,,,,,,,,,,,,,,,,,,,,,
MS4A7,,0.0,,,,,,,,,,,,,,,,,,,,,,,,,,
MS4A8,,0.0,,,,,,,,,,,,,,,,,,,,,,,,,,
MS4A15,,0.0,,,,,,,,,,,,,,,,,,,,,,,,,,
MAP1A,,0.0,,,,,,,,,,,,,,,,,,,,,,,,,,
MEI1,,0.0,,,,,,,,,,,,,,,,,,,,,,,,,,
IGF2,,0.0,,,,,,,,,,,,,,,,,,,,,,,,,,
CD3D,,0.0,,,,,,,,,,,,,,,,,,,,,,,,,,
LPO,,0.0,,,,,,,,,,,,,,,,,,,,,,,,,,
CA4,,0.0,,,,,,,,,,,,,,,,,,,,,,,,,,
TUBA1A,,0.0,,,,,,,,,,,,,,,,,,,,,,,,,,
AXL,,0.0,,,,,,,,,,,,,,,,,,,,,,,,,,
NFKBID,,0.0,,,,,,,,,,,,,,,,,,,,,,,,,,
LAIR1,,0.0,,,,,,,,,,,,,,,,,,,,,,,,,,
LAIR2,,0.0,,,,,,,,,,,,,,,,,,,,,,,,,,
KIR3DL1,,0.0,,,,,,,,,,,,,,,,,,,,,,,,,,
PPP1R14A,,0.0,,,,,,,,,,,,,,,,,,,,,,,,,,
C19orf33,,-3.321171e-05,,,,,,,,,,,,,,,,,,,,,,,,,,
DNAAF3,,0.0,,,,,,,,,,,,,,,,,,,,,,,,,,
PSCA,,0.0,,,,,,,,,,,,,,,,,,,,,,,,,,
LY6D,,0.0,,,,,,,,,,,,,,,,,,,,,,,,,,
TMIGD2,,0.0,,,,,,,,,,,,,,,,,,,,,,,,,,
SEMA6B,,0.0,,,,,,,,,,,,,,,,,,,,,,,,,,
KLK6,,0.0,,,,,,,,,,,,,,,,,,,,,,,,,,
KLK11,,0.0,,,,,,,,,,,,,,,,,,,,,,,,,,
KRT1,,0.0,,,,,,,,,,,,,,,,,,,,,,,,,,
ANGPTL4,,0.0,,,,,,,,,,,,,,,,,,,,,,,,,,
IGFBP6,,-3.3259391e-06,,,,,,,,,,,,,,,,,,,,,,,,,,
CD300A,,0.0,,,,,,,,,,,,,,,,,,,,,,,,,,
TEKT1,,0.0,,,,,,,,,,,,,,,,,,,,,,,,,,
KRT24,,0.0,,,,,,,,,,,,,,,,,,,,,,,,,,
ABCA3,,-4.7683717e-08,,,,,,,,,,,,,,,,,,,,,,,,,,
NLRC3,,0.0,,,,,,,,,,,,,,,,,,,,,,,,,,
SCARA5,,0.0,,,,,,,,,,,,,,,,,,,,,,,,,,
PNOC,,0.0,,,,,,,,,,,,,,,,,,,,,,,,,,
DDIT4,,0.0,,,,,,,,,,,,,,,,,,,,,,,,,,
PTGDR,,0.0,,,,,,,,,,,,,,,,,,,,,,,,,,
FOXI1,,0.0,,,,,,,,,,,,,,,,,,,,,,,,,,
KIF5C,,0.0,,,,,,,,,,,,,,,,,,,,,,,,,,
FAM107A,,0.0,,,,,,,,,,,,,,,,,,,,,,,,,,
CX3CR1,,0.0,,,,,,,,,,,,,,,,,,,,,,,,,,
FILIP1L,,9.536743e-08,,,,,,,,,,,,,,,,,,,,,,,,,,
MFSD2A,,-2.670288e-06,,,,,,,,,,,,,,,,,,,,,,,,,,
RHOH,,0.0,,,,,,,,,,,,,,,,,,,,,,,,,,
TNXB,,0.0,,,,,,,,,,,,,,,,,,,,,,,,,,
SFTPC,,0.004870725,,,,,,,,,,,,,,,,,,,,,,,,,,
SDPR,,0.0,,,,,,,,,,,,,,,,,,,,,,,,,,
COL3A1,,0.0,,,,,,,,,,,,,,,,,,,,,,,,,,
DYNLRB2,,0.0,,,,,,,,,,,,,,,,,,,,,,,,,,
VWA3B,,0.0,,,,,,,,,,,,,,,,,,,,,,,,,,
IL7R,,0.0,,,,,,,,,,,,,,,,,,,,,,,,,,
PKIG,,0.0,,,,,,,,,,,,,,,,,,,,,,,,,,
SFTPB,,0.07195658,,,,,,,,,,,,,,,,,,,,,,,,,,
VAMP5,,0.0,,,,,,,,,,,,,,,,,,,,,,,,,,
INPP5D,,0.0,,,,,,,,,,,,,,,,,,,,,,,,,,
STXBP6,,0.0,,,,,,,,,,,,,,,,,,,,,,,,,,
KLK7,,0.0,,,,,,,,,,,,,,,,,,,,,,,,,,
ZBBX,,0.0,,,,,,,,,,,,,,,,,,,,,,,,,,
IL13,,0.0,,,,,,,,,,,,,,,,,,,,,,,,,,
GCSAML,,0.0,,,,,,,,,,,,,,,,,,,,,,,,,,
EFNA1,,0.0,,,,,,,,,,,,,,,,,,,,,,,,,,
CXCL10,,0.0,,,,,,,,,,,,,,,,,,,,,,,,,,
CXCL11,,0.0,,,,,,,,,,,,,,,,,,,,,,,,,,
IL1RAPL1,,0.0,,,,,,,,,,,,,,,,,,,,,,,,,,
C22orf15,,0.0,,,,,,,,,,,,,,,,,,,,,,,,,,
GP2,,0.0,,,,,,,,,,,,,,,,,,,,,,,,,,
RNASE2,,0.0,,,,,,,,,,,,,,,,,,,,,,,,,,
RNASE6,,0.0,,,,,,,,,,,,,,,,,,,,,,,,,,
CXCL8,,0.0,,,,,,,,,,,,,,,,,,,,,,,,,,
SDC2,,0.0,,,,,,,,,,,,,,,,,,,,,,,,,,
CD52,,-3.6239624e-06,,,,,,,,,,,,,,,,,,,,,,,,,,
SPRR1B,,0.0,,,,,,,,,,,,,,,,,,,,,,,,,,
SLC38A11,,0.0,,,,,,,,,,,,,,,,,,,,,,,,,,
GPR183,,0.0,,,,,,,,,,,,,,,,,,,,,,,,,,
CRCT1,,0.0,,,,,,,,,,,,,,,,,,,,,,,,,,
ZEB2,,0.0,,,,,,,,,,,,,,,,,,,,,,,,,,
CLIC3,,0.0,,,,,,,,,,,,,,,,,,,,,,,,,,
FASN,,1.50203705e-05,,,,,,,,,,,,,,,,,,,,,,,,,,
MT1E,,-1.1920929e-08,,,,,,,,,,,,,,,,,,,,,,,,,,
LDB2,,0.0,,,,,,,,,,,,,,,,,,,,,,,,,,
AHSP,,0.0,,,,,,,,,,,,,,,,,,,,,,,,,,
ITGAM,,0.0,,,,,,,,,,,,,,,,,,,,,,,,,,
TM4SF1,,2.8461218e-05,,,,,,,,,,,,,,,,,,,,,,,,,,
GPR25,,0.0,,,,,,,,,,,,,,,,,,,,,,,,,,
FABP6,,0.0,,,,,,,,,,,,,,,,,,,,,,,,,,
FABP4,,-3.5524367e-06,,,,,,,,,,,,,,,,,,,,,,,,,,
FRMPD2,,0.0,,,,,,,,,,,,,,,,,,,,,,,,,,
FOS,,2.9885769e-05,,,,,,,,,,,,,,,,,,,,,,,,,,
CST1,,0.0,,,,,,,,,,,,,,,,,,,,,,,,,,
KRT8,,2.1320582e-05,,,,,,,,,,,,,,,,,,,,,,,,,,
KRT86,,0.0,,,,,,,,,,,,,,,,,,,,,,,,,,
CD14,,0.0,,,,,,,,,,,,,,,,,,,,,,,,,,
MZB1,,0.0,,,,,,,,,,,,,,,,,,,,,,,,,,
KRT4,,0.0,,,,,,,,,,,,,,,,,,,,,,,,,,
HSD17B13,,0.0,,,,,,,,,,,,,,,,,,,,,,,,,,
PFKFB3,,-9.536743e-08,,,,,,,,,,,,,,,,,,,,,,,,,,
SERPINB9,,0.0,,,,,,,,,,,,,,,,,,,,,,,,,,
EMB,,0.0,,,,,,,,,,,,,,,,,,,,,,,,,,
SDR16C5,,2.5826692e-05,,,,,,,,,,,,,,,,,,,,,,,,,,
HTRA3,,0.0,,,,,,,,,,,,,,,,,,,,,,,,,,
MTSS1,,0.0,,,,,,,,,,,,,,,,,,,,,,,,,,
PLA2G1B,,6.6781045e-05,,,,,,,,,,,,,,,,,,,,,,,,,,
CYTL1,,0.0,,,,,,,,,,,,,,,,,,,,,,,,,,
HAS2,,0.0,,,,,,,,,,,,,,,,,,,,,,,,,,
S1PR1,,0.0,,,,,,,,,,,,,,,,,,,,,,,,,,
FPR2,,0.0,,,,,,,,,,,,,,,,,,,,,,,,,,
FPR1,,0.0,,,,,,,,,,,,,,,,,,,,,,,,,,
SOX7,,0.0,,,,,,,,,,,,,,,,,,,,,,,,,,
GIMAP8,,0.0,,,,,,,,,,,,,,,,,,,,,,,,,,
MUC7,,0.0,,,,,,,,,,,,,,,,,,,,,,,,,,
LRG1,,0.0,,,,,,,,,,,,,,,,,,,,,,,,,,
SOSTDC1,,0.0,,,,,,,,,,,,,,,,,,,,,,,,,,
KRT19,,-4.1240455e-05,,,,,,,,,,,,,,,,,,,,,,,,,,
KRT15,,0.0,,,,,,,,,,,,,,,,,,,,,,,,,,
KRT13,,0.0,,,,,,,,,,,,,,,,,,,,,,,,,,
HOPX,,0.00023748874,,,,,,,,,,,,,,,,,,,,,,,,,,
PTGER4,,0.0,,,,,,,,,,,,,,,,,,,,,,,,,,
FGG,,0.0,,,,,,,,,,,,,,,,,,,,,,,,,,
DNAI2,,0.0,,,,,,,,,,,,,,,,,,,,,,,,,,
NMUR1,,0.0,,,,,,,,,,,,,,,,,,,,,,,,,,
PIK3CD,,0.0,,,,,,,,,,,,,,,,,,,,,,,,,,
S100Z,,0.0,,,,,,,,,,,,,,,,,,,,,,,,,,
GPR82,,0.0,,,,,,,,,,,,,,,,,,,,,,,,,,
GPR34,,0.0,,,,,,,,,,,,,,,,,,,,,,,,,,
DEFB4A,,0.0,,,,,,,,,,,,,,,,,,,,,,,,,,
BCL2,,0.0,,,,,,,,,,,,,,,,,,,,,,,,,,
CFAP46,,0.0,,,,,,,,,,,,,,,,,,,,,,,,,,
RRM2,,0.0,,,,,,,,,,,,,,,,,,,,,,,,,,
C3AR1,,0.0,,,,,,,,,,,,,,,,,,,,,,,,,,
AQP4,,0.0,,,,,,,,,,,,,,,,,,,,,,,,,,
SCG2,,0.0,,,,,,,,,,,,,,,,,,,,,,,,,,
DRC3,,0.0,,,,,,,,,,,,,,,,,,,,,,,,,,
MAL,,0.0,,,,,,,,,,,,,,,,,,,,,,,,,,
CD8B,,0.0,,,,,,,,,,,,,,,,,,,,,,,,,,
CALB2,,0.0,,,,,,,,,,,,,,,,,,,,,,,,,,
CCL11,,0.0,,,,,,,,,,,,,,,,,,,,,,,,,,
MALT1,,2.6226044e-07,,,,,,,,,,,,,,,,,,,,,,,,,,
ISG20,,2.503395e-07,,,,,,,,,,,,,,,,,,,,,,,,,,
ID4,,-2.0235777e-05,,,,,,,,,,,,,,,,,,,,,,,,,,
CXCR6,,0.0,,,,,,,,,,,,,,,,,,,,,,,,,,
TPSAB1,,0.0,,,,,,,,,,,,,,,,,,,,,,,,,,
IL16,,0.0,,,,,,,,,,,,,,,,,,,,,,,,,,
CFAP53,,0.0,,,,,,,,,,,,,,,,,,,,,,,,,,
SYNPO2,,0.0,,,,,,,,,,,,,,,,,,,,,,,,,,
RSPH9,,0.0,,,,,,,,,,,,,,,,,,,,,,,,,,
FGGY,,1.8203258e-05,,,,,,,,,,,,,,,,,,,,,,,,,,
CTSW,,0.0,,,,,,,,,,,,,,,,,,,,,,,,,,
MUCL1,,0.0,,,,,,,,,,,,,,,,,,,,,,,,,,
RASGRP1,,0.0,,,,,,,,,,,,,,,,,,,,,,,,,,
KLHL6,,0.0,,,,,,,,,,,,,,,,,,,,,,,,,,
RND1,,0.0,,,,,,,,,,,,,,,,,,,,,,,,,,
THEMIS,,0.0,,,,,,,,,,,,,,,,,,,,,,,,,,
CCL19,,0.0,,,,,,,,,,,,,,,,,,,,,,,,,,
EGFL7,,0.0,,,,,,,,,,,,,,,,,,,,,,,,,,
MIR4435-2HG,,-5.9604645e-08,,,,,,,,,,,,,,,,,,,,,,,,,,
HSPA6,,1.1920929e-07,,,,,,,,,,,,,,,,,,,,,,,,,,
SNCG,,0.0,,,,,,,,,,,,,,,,,,,,,,,,,,
MMRN2,,0.0,,,,,,,,,,,,,,,,,,,,,,,,,,
C1QB,,1.4305115e-07,,,,,,,,,,,,,,,,,,,,,,,,,,
C1QA,,2.6851892e-05,,,,,,,,,,,,,,,,,,,,,,,,,,
OLR1,,0.0,,,,,,,,,,,,,,,,,,,,,,,,,,
SAA1,,0.0,,,,,,,,,,,,,,,,,,,,,,,,,,
THAP2,,0.0,,,,,,,,,,,,,,,,,,,,,,,,,,
AGR3,,4.7683716e-07,,,,,,,,,,,,,,,,,,,,,,,,,,
NABP1,,-2.3841858e-08,,,,,,,,,,,,,,,,,,,,,,,,,,
HEG1,,0.0,,,,,,,,,,,,,,,,,,,,,,,,,,
CD7,,0.0,,,,,,,,,,,,,,,,,,,,,,,,,,
HOXB2,,0.0,,,,,,,,,,,,,,,,,,,,,,,,,,
PIFO,,0.0,,,,,,,,,,,,,,,,,,,,,,,,,,
CD34,,0.0,,,,,,,,,,,,,,,,,,,,,,,,,,
RP11-23P13.6,,0.0,,,,,,,,,,,,,,,,,,,,,,,,,,
SELP,,0.0,,,,,,,,,,,,,,,,,,,,,,,,,,
ZNF80,,0.0,,,,,,,,,,,,,,,,,,,,,,,,,,
PODN,,0.0,,,,,,,,,,,,,,,,,,,,,,,,,,
ANKRD36C,,0.0,,,,,,,,,,,,,,,,,,,,,,,,,,
SLCO2A1,,0.0,,,,,,,,,,,,,,,,,,,,,,,,,,
KIAA1551,,0.0,,,,,,,,,,,,,,,,,,,,,,,,,,
WDR49,,0.0,,,,,,,,,,,,,,,,,,,,,,,,,,
CD248,,0.0,,,,,,,,,,,,,,,,,,,,,,,,,,
DNAH12,,0.0,,,,,,,,,,,,,,,,,,,,,,,,,,
CATSPERD,,0.0,,,,,,,,,,,,,,,,,,,,,,,,,,
P2RY14,,0.0,,,,,,,,,,,,,,,,,,,,,,,,,,
GPR171,,0.0,,,,,,,,,,,,,,,,,,,,,,,,,,
CD164L2,,5.6254863e-05,,,,,,,,,,,,,,,,,,,,,,,,,,
CHST2,,0.0,,,,,,,,,,,,,,,,,,,,,,,,,,
UBE2C,,0.0,,,,,,,,,,,,,,,,,,,,,,,,,,
DES,,0.0,,,,,,,,,,,,,,,,,,,,,,,,,,
MARCKSL1,,0.0,,,,,,,,,,,,,,,,,,,,,,,,,,
CSRP2,,0.0,,,,,,,,,,,,,,,,,,,,,,,,,,
VWA3A,,0.0,,,,,,,,,,,,,,,,,,,,,,,,,,
CATSPER1,,0.0,,,,,,,,,,,,,,,,,,,,,,,,,,
CST6,,0.0,,,,,,,,,,,,,,,,,,,,,,,,,,
LPL,,-3.492832e-06,,,,,,,,,,,,,,,,,,,,,,,,,,
TBC1D10C,,0.0,,,,,,,,,,,,,,,,,,,,,,,,,,
TEX26,,0.0,,,,,,,,,,,,,,,,,,,,,,,,,,
NR2F1,,0.0,,,,,,,,,,,,,,,,,,,,,,,,,,
SFN,,-1.5193224e-05,,,,,,,,,,,,,,,,,,,,,,,,,,
GAPT,,0.0,,,,,,,,,,,,,,,,,,,,,,,,,,
A2M,,0.0,,,,,,,,,,,,,,,,,,,,,,,,,,
ARL4D,,0.0,,,,,,,,,,,,,,,,,,,,,,,,,,
ASCL3,,0.0,,,,,,,,,,,,,,,,,,,,,,,,,,
C11orf16,,0.0,,,,,,,,,,,,,,,,,,,,,,,,,,
NUPR1,,3.940463e-05,,,,,,,,,,,,,,,,,,,,,,,,,,
ZNF683,,0.0,,,,,,,,,,,,,,,,,,,,,,,,,,
SPHK1,,0.0,,,,,,,,,,,,,,,,,,,,,,,,,,
CLEC14A,,0.0,,,,,,,,,,,,,,,,,,,,,,,,,,
MAP3K19,,0.0,,,,,,,,,,,,,,,,,,,,,,,,,,
NCKAP5,,0.0,,,,,,,,,,,,,,,,,,,,,,,,,,
BASP1,,0.0,,,,,,,,,,,,,,,,,,,,,,,,,,
TYMS,,0.0,,,,,,,,,,,,,,,,,,,,,,,,,,
C8orf4,,2.6744605e-05,,,,,,,,,,,,,,,,,,,,,,,,,,
FIBIN,,0.0,,,,,,,,,,,,,,,,,,,,,,,,,,
CASKIN2,,0.0,,,,,,,,,,,,,,,,,,,,,,,,,,
GPR4,,0.0,,,,,,,,,,,,,,,,,,,,,,,,,,
PTRF,,-8.4638594e-07,,,,,,,,,,,,,,,,,,,,,,,,,,
CD163,,8.34465e-07,,,,,,,,,,,,,,,,,,,,,,,,,,
JUN,,-1.9669533e-06,,,,,,,,,,,,,,,,,,,,,,,,,,
ANXA2R,,0.0,,,,,,,,,,,,,,,,,,,,,,,,,,
ODF3B,,4.7683717e-08,,,,,,,,,,,,,,,,,,,,,,,,,,
MLF1,,0.0,,,,,,,,,,,,,,,,,,,,,,,,,,
CALML3,,0.0,,,,,,,,,,,,,,,,,,,,,,,,,,
CTXN1,,0.0,,,,,,,,,,,,,,,,,,,,,,,,,,
CD28,,0.0,,,,,,,,,,,,,,,,,,,,,,,,,,
MAF,,0.0,,,,,,,,,,,,,,,,,,,,,,,,,,
GPR35,,0.0,,,,,,,,,,,,,,,,,,,,,,,,,,
KCTD12,,-1.38759615e-05,,,,,,,,,,,,,,,,,,,,,,,,,,
THBD,,3.695488e-07,,,,,,,,,,,,,,,,,,,,,,,,,,
RIIAD1,,0.0,,,,,,,,,,,,,,,,,,,,,,,,,,
APOLD1,,0.0,,,,,,,,,,,,,,,,,,,,,,,,,,
LGALS7B,,0.0,,,,,,,,,,,,,,,,,,,,,,,,,,
ERICH3,,0.0,,,,,,,,,,,,,,,,,,,,,,,,,,
GIMAP7,,0.0,,,,,,,,,,,,,,,,,,,,,,,,,,
TMEM125,,-2.1338462e-06,,,,,,,,,,,,,,,,,,,,,,,,,,
HLA-DQB1,,4.2915343e-07,,,,,,,,,,,,,,,,,,,,,,,,,,
GATA2,,0.0,,,,,,,,,,,,,,,,,,,,,,,,,,
EGR3,,0.0,,,,,,,,,,,,,,,,,,,,,,,,,,
FCER1A,,0.0,,,,,,,,,,,,,,,,,,,,,,,,,,
CDH5,,0.0,,,,,,,,,,,,,,,,,,,,,,,,,,
FAM216B,,0.0,,,,,,,,,,,,,,,,,,,,,,,,,,
C1orf194,,0.0,,,,,,,,,,,,,,,,,,,,,,,,,,
ITLN1,,0.0,,,,,,,,,,,,,,,,,,,,,,,,,,
SEPT1,,0.0,,,,,,,,,,,,,,,,,,,,,,,,,,
LYNX1,,0.0,,,,,,,,,,,,,,,,,,,,,,,,,,
HMHA1,,0.0,,,,,,,,,,,,,,,,,,,,,,,,,,
PRF1,,0.0,,,,,,,,,,,,,,,,,,,,,,,,,,
S1PR5,,0.0,,,,,,,,,,,,,,,,,,,,,,,,,,
NQO1,,-7.3611736e-06,,,,,,,,,,,,,,,,,,,,,,,,,,
FCRL6,,0.0,,,,,,,,,,,,,,,,,,,,,,,,,,
MAPK15,,0.0,,,,,,,,,,,,,,,,,,,,,,,,,,
F2R,,0.0,,,,,,,,,,,,,,,,,,,,,,,,,,
RP4-539M6.14,,0.0,,,,,,,,,,,,,,,,,,,,,,,,,,
MUC16,,0.0,,,,,,,,,,,,,,,,,,,,,,,,,,
CCL13,,0.0,,,,,,,,,,,,,,,,,,,,,,,,,,
TMEM45A,,0.0,,,,,,,,,,,,,,,,,,,,,,,,,,
FDCSP,,0.0,,,,,,,,,,,,,,,,,,,,,,,,,,
PHLDA2,,1.5497208e-05,,,,,,,,,,,,,,,,,,,,,,,,,,
TIGIT,,0.0,,,,,,,,,,,,,,,,,,,,,,,,,,
RTKN2,,0.0,,,,,,,,,,,,,,,,,,,,,,,,,,
P2RY8,,0.0,,,,,,,,,,,,,,,,,,,,,,,,,,
AP1S2,,-2.3835897e-05,,,,,,,,,,,,,,,,,,,,,,,,,,
C1S,,2.3841858e-08,,,,,,,,,,,,,,,,,,,,,,,,,,
KIAA2012,,0.0,,,,,,,,,,,,,,,,,,,,,,,,,,
IFNL1,,0.0,,,,,,,,,,,,,,,,,,,,,,,,,,
TSHZ2,,0.0,,,,,,,,,,,,,,,,,,,,,,,,,,
BGN,,0.0,,,,,,,,,,,,,,,,,,,,,,,,,,
SATB1,,0.0,,,,,,,,,,,,,,,,,,,,,,,,,,
CSF1R,,0.0,,,,,,,,,,,,,,,,,,,,,,,,,,
NTM,,0.0,,,,,,,,,,,,,,,,,,,,,,,,,,
CRIP2,,0.0,,,,,,,,,,,,,,,,,,,,,,,,,,
VMO1,,0.0,,,,,,,,,,,,,,,,,,,,,,,,,,
LCK,,0.0,,,,,,,,,,,,,,,,,,,,,,,,,,
COL18A1,,0.0,,,,,,,,,,,,,,,,,,,,,,,,,,
CADM1,,3.576279e-08,,,,,,,,,,,,,,,,,,,,,,,,,,
SPNS2,,0.0,,,,,,,,,,,,,,,,,,,,,,,,,,
MCEMP1,,-2.503395e-06,,,,,,,,,,,,,,,,,,,,,,,,,,
SLC8A1,,0.0,,,,,,,,,,,,,,,,,,,,,,,,,,
GAS6,,0.0,,,,,,,,,,,,,,,,,,,,,,,,,,
C10orf107,,0.0,,,,,,,,,,,,,,,,,,,,,,,,,,
PMCH,,0.0,,,,,,,,,,,,,,,,,,,,,,,,,,
GPR132,,0.0,,,,,,,,,,,,,,,,,,,,,,,,,,
MX2,,0.0,,,,,,,,,,,,,,,,,,,,,,,,,,
FAM46C,,2.3841858e-08,,,,,,,,,,,,,,,,,,,,,,,,,,
KLRC4,,0.0,,,,,,,,,,,,,,,,,,,,,,,,,,
GKN2,,3.1316282e-05,,,,,,,,,,,,,,,,,,,,,,,,,,
FAM167B,,0.0,,,,,,,,,,,,,,,,,,,,,,,,,,
C11orf88,,0.0,,,,,,,,,,,,,,,,,,,,,,,,,,
FAM101B,,0.0,,,,,,,,,,,,,,,,,,,,,,,,,,
LHFP,,0.0,,,,,,,,,,,,,,,,,,,,,,,,,,
SLC35F3,,0.0,,,,,,,,,,,,,,,,,,,,,,,,,,
FAM162B,,0.0,,,,,,,,,,,,,,,,,,,,,,,,,,
CCR4,,0.0,,,,,,,,,,,,,,,,,,,,,,,,,,
MAATS1,,0.0,,,,,,,,,,,,,,,,,,,,,,,,,,
SH2D1A,,0.0,,,,,,,,,,,,,,,,,,,,,,,,,,
CLDN5,,0.0,,,,,,,,,,,,,,,,,,,,,,,,,,
TSPYL2,,0.0,,,,,,,,,,,,,,,,,,,,,,,,,,
ALDH1A3,,0.0,,,,,,,,,,,,,,,,,,,,,,,,,,
TACSTD2,,-3.2174587e-05,,,,,,,,,,,,,,,,,,,,,,,,,,
CLECL1,,0.0,,,,,,,,,,,,,,,,,,,,,,,,,,
CSF1,,0.0,,,,,,,,,,,,,,,,,,,,,,,,,,
BEX5,,0.0,,,,,,,,,,,,,,,,,,,,,,,,,,
C6orf58,,0.0,,,,,,,,,,,,,,,,,,,,,,,,,,
SOCS3,,3.5506488e-05,,,,,,,,,,,,,,,,,,,,,,,,,,
PDE4B,,0.0,,,,,,,,,,,,,,,,,,,,,,,,,,
CLCNKB,,0.0,,,,,,,,,,,,,,,,,,,,,,,,,,
FMNL1,,0.0,,,,,,,,,,,,,,,,,,,,,,,,,,
FAM227A,,0.0,,,,,,,,,,,,,,,,,,,,,,,,,,
EFCAB10,,0.0,,,,,,,,,,,,,,,,,,,,,,,,,,
FAM43A,,0.0,,,,,,,,,,,,,,,,,,,,,,,,,,
IFITM2,,4.3118e-05,,,,,,,,,,,,,,,,,,,,,,,,,,
TNFAIP2,,0.0,,,,,,,,,,,,,,,,,,,,,,,,,,
PPIL6,,0.0,,,,,,,,,,,,,,,,,,,,,,,,,,
IL3RA,,0.0,,,,,,,,,,,,,,,,,,,,,,,,,,
SFTPA2,,0.001394552,,,,,,,,,,,,,,,,,,,,,,,,,,
SOCS1,,1.9073487e-07,,,,,,,,,,,,,,,,,,,,,,,,,,
TNFAIP8L1,,0.0,,,,,,,,,,,,,,,,,,,,,,,,,,
GPRIN3,,0.0,,,,,,,,,,,,,,,,,,,,,,,,,,
KRT6B,,0.0,,,,,,,,,,,,,,,,,,,,,,,,,,
MUC1,,6.044507e-05,,,,,,,,,,,,,,,,,,,,,,,,,,
NDUFA4L2,,0.0,,,,,,,,,,,,,,,,,,,,,,,,,,
MORN5,,0.0,,,,,,,,,,,,,,,,,,,,,,,,,,
MYBL1,,0.0,,,,,,,,,,,,,,,,,,,,,,,,,,
IFIT1,,0.0,,,,,,,,,,,,,,,,,,,,,,,,,,
IKZF1,,0.0,,,,,,,,,,,,,,,,,,,,,,,,,,
CCDC190,,0.0,,,,,,,,,,,,,,,,,,,,,,,,,,
EVI2B,,0.0,,,,,,,,,,,,,,,,,,,,,,,,,,
TMPRSS11B,,0.0,,,,,,,,,,,,,,,,,,,,,,,,,,
IFITM1,,0.0,,,,,,,,,,,,,,,,,,,,,,,,,,
FFAR3,,0.0,,,,,,,,,,,,,,,,,,,,,,,,,,
C16orf54,,0.0,,,,,,,,,,,,,,,,,,,,,,,,,,
ZNF267,,0.0,,,,,,,,,,,,,,,,,,,,,,,,,,
KRT5,,0.0,,,,,,,,,,,,,,,,,,,,,,,,,,
BTLA,,0.0,,,,,,,,,,,,,,,,,,,,,,,,,,
THBS2,,0.0,,,,,,,,,,,,,,,,,,,,,,,,,,
ANKRD37,,0.0,,,,,,,,,,,,,,,,,,,,,,,,,,
CD300E,,0.0,,,,,,,,,,,,,,,,,,,,,,,,,,
CCDC30,,0.0,,,,,,,,,,,,,,,,,,,,,,,,,,
GNG2,,0.0,,,,,,,,,,,,,,,,,,,,,,,,,,
AKAP14,,0.0,,,,,,,,,,,,,,,,,,,,,,,,,,
KLK12,,0.0,,,,,,,,,,,,,,,,,,,,,,,,,,
INSIG1,,5.6028364e-07,,,,,,,,,,,,,,,,,,,,,,,,,,
CFAP73,,0.0,,,,,,,,,,,,,,,,,,,,,,,,,,
CXCR3,,0.0,,,,,,,,,,,,,,,,,,,,,,,,,,
LILRB4,,0.0,,,,,,,,,,,,,,,,,,,,,,,,,,
TNFRSF4,,0.0,,,,,,,,,,,,,,,,,,,,,,,,,,
KRT16,,0.0,,,,,,,,,,,,,,,,,,,,,,,,,,
KRT14,,0.0,,,,,,,,,,,,,,,,,,,,,,,,,,
TNFRSF18,,0.0,,,,,,,,,,,,,,,,,,,,,,,,,,
FAM183A,,0.0,,,,,,,,,,,,,,,,,,,,,,,,,,
LILRA5,,0.0,,,,,,,,,,,,,,,,,,,,,,,,,,
AKR1C1,,0.0,,,,,,,,,,,,,,,,,,,,,,,,,,
MT1X,,-1.1920929e-07,,,,,,,,,,,,,,,,,,,,,,,,,,
DYNC2H1,,0.0,,,,,,,,,,,,,,,,,,,,,,,,,,
BCAM,,0.0,,,,,,,,,,,,,,,,,,,,,,,,,,
FPR3,,0.0,,,,,,,,,,,,,,,,,,,,,,,,,,
C11orf96,,1.0728836e-06,,,,,,,,,,,,,,,,,,,,,,,,,,
CDHR4,,0.0,,,,,,,,,,,,,,,,,,,,,,,,,,
COL4A1,,0.0,,,,,,,,,,,,,,,,,,,,,,,,,,
GJA4,,0.0,,,,,,,,,,,,,,,,,,,,,,,,,,
ISG15,,2.3841858e-08,,,,,,,,,,,,,,,,,,,,,,,,,,
HIST1H1C,,-2.3841858e-08,,,,,,,,,,,,,,,,,,,,,,,,,,
DMBT1,,0.0,,,,,,,,,,,,,,,,,,,,,,,,,,
COL14A1,,0.0,,,,,,,,,,,,,,,,,,,,,,,,,,
TPRG1,,0.0,,,,,,,,,,,,,,,,,,,,,,,,,,
MORN2,,0.0,,,,,,,,,,,,,,,,,,,,,,,,,,
NWD1,,0.0,,,,,,,,,,,,,,,,,,,,,,,,,,
ARL4C,,0.0,,,,,,,,,,,,,,,,,,,,,,,,,,
FAM25A,,0.0,,,,,,,,,,,,,,,,,,,,,,,,,,
HEPACAM2,,0.0,,,,,,,,,,,,,,,,,,,,,,,,,,
PLA2G2A,,0.0,,,,,,,,,,,,,,,,,,,,,,,,,,
HES4,,0.0,,,,,,,,,,,,,,,,,,,,,,,,,,
PDCD1,,0.0,,,,,,,,,,,,,,,,,,,,,,,,,,
TCTEX1D4,,0.0,,,,,,,,,,,,,,,,,,,,,,,,,,
SELL,,0.0,,,,,,,,,,,,,,,,,,,,,,,,,,
HBA2,,0.0,,,,,,,,,,,,,,,,,,,,,,,,,,
CFAP54,,0.0,,,,,,,,,,,,,,,,,,,,,,,,,,
S100A16,,-4.7683717e-08,,,,,,,,,,,,,,,,,,,,,,,,,,
SAXO2,,0.0,,,,,,,,,,,,,,,,,,,,,,,,,,
PRELP,,0.0,,,,,,,,,,,,,,,,,,,,,,,,,,
SNTN,,0.0,,,,,,,,,,,,,,,,,,,,,,,,,,
FAM26F,,0.0,,,,,,,,,,,,,,,,,,,,,,,,,,
LRRK2,,5.9604645e-06,,,,,,,,,,,,,,,,,,,,,,,,,,
HACD4,,0.0,,,,,,,,,,,,,,,,,,,,,,,,,,
CFAP126,,0.0,,,,,,,,,,,,,,,,,,,,,,,,,,
SBSN,,0.0,,,,,,,,,,,,,,,,,,,,,,,,,,
KIR2DL4,,0.0,,,,,,,,,,,,,,,,,,,,,,,,,,
APOD,,0.0,,,,,,,,,,,,,,,,,,,,,,,,,,
PLAC9,,0.0,,,,,,,,,,,,,,,,,,,,,,,,,,
CLDN4,,-4.7683717e-08,,,,,,,,,,,,,,,,,,,,,,,,,,
S100A14,,-1.3113022e-07,,,,,,,,,,,,,,,,,,,,,,,,,,
FAM179A,,0.0,,,,,,,,,,,,,,,,,,,,,,,,,,
CXCL17,,1.1664629e-05,,,,,,,,,,,,,,,,,,,,,,,,,,
MMP23B,,0.0,,,,,,,,,,,,,,,,,,,,,,,,,,
NCR1,,0.0,,,,,,,,,,,,,,,,,,,,,,,,,,
HLA-DRB1,,8.913279e-05,,,,,,,,,,,,,,,,,,,,,,,,,,
AKR1C3,,0.0,,,,,,,,,,,,,,,,,,,,,,,,,,
S100A4,,-3.838539e-06,,,,,,,,,,,,,,,,,,,,,,,,,,
CTSE,,-5.9604645e-08,,,,,,,,,,,,,,,,,,,,,,,,,,
HRCT1,,0.0,,,,,,,,,,,,,,,,,,,,,,,,,,
SFTA2,,0.0001113832,,,,,,,,,,,,,,,,,,,,,,,,,,
GIMAP5,,0.0,,,,,,,,,,,,,,,,,,,,,,,,,,
MMP1,,0.0,,,,,,,,,,,,,,,,,,,,,,,,,,
ADH1B,,0.0,,,,,,,,,,,,,,,,,,,,,,,,,,
TCF4,,0.0,,,,,,,,,,,,,,,,,,,,,,,,,,
HSH2D,,0.0,,,,,,,,,,,,,,,,,,,,,,,,,,
HLA-DQA1,,0.0,,,,,,,,,,,,,,,,,,,,,,,,,,
S100A2,,0.0,,,,,,,,,,,,,,,,,,,,,,,,,,
ADA,,0.0,,,,,,,,,,,,,,,,,,,,,,,,,,
ARID5A,,0.0,,,,,,,,,,,,,,,,,,,,,,,,,,
KIAA1211L,,0.0,,,,,,,,,,,,,,,,,,,,,,,,,,
LAMB3,,0.0,,,,,,,,,,,,,,,,,,,,,,,,,,
FLNA,,-9.059906e-06,,,,,,,,,,,,,,,,,,,,,,,,,,
SRGAP1,,0.0,,,,,,,,,,,,,,,,,,,,,,,,,,
ANXA6,,-4.7683717e-08,,,,,,,,,,,,,,,,,,,,,,,,,,
DTHD1,,0.0,,,,,,,,,,,,,,,,,,,,,,,,,,
NEK5,,0.0,,,,,,,,,,,,,,,,,,,,,,,,,,
FAM110D,,0.0,,,,,,,,,,,,,,,,,,,,,,,,,,
SERPINA1,,1.103878e-05,,,,,,,,,,,,,,,,,,,,,,,,,,
TPSB2,,0.0,,,,,,,,,,,,,,,,,,,,,,,,,,
LYPD2,,0.0,,,,,,,,,,,,,,,,,,,,,,,,,,
C5AR1,,0.0,,,,,,,,,,,,,,,,,,,,,,,,,,
CYP2F1,,0.0,,,,,,,,,,,,,,,,,,,,,,,,,,
SPN,,0.0,,,,,,,,,,,,,,,,,,,,,,,,,,
GZMM,,0.0,,,,,,,,,,,,,,,,,,,,,,,,,,
MFAP5,,0.0,,,,,,,,,,,,,,,,,,,,,,,,,,
MPEG1,,0.0,,,,,,,,,,,,,,,,,,,,,,,,,,
SERPINB2,,0.0,,,,,,,,,,,,,,,,,,,,,,,,,,
SERPINB13,,0.0,,,,,,,,,,,,,,,,,,,,,,,,,,
DNAH10,,0.0,,,,,,,,,,,,,,,,,,,,,,,,,,
NMB,,1.1920929e-08,,,,,,,,,,,,,,,,,,,,,,,,,,
CFAP43,,0.0,,,,,,,,,,,,,,,,,,,,,,,,,,
CFD,,4.6491624e-07,,,,,,,,,,,,,,,,,,,,,,,,,,
C4orf22,,0.0,,,,,,,,,,,,,,,,,,,,,,,,,,
PRB3,,0.0,,,,,,,,,,,,,,,,,,,,,,,,,,
FAM49A,,0.0,,,,,,,,,,,,,,,,,,,,,,,,,,
CLEC9A,,0.0,,,,,,,,,,,,,,,,,,,,,,,,,,
SULT1C4,,0.0,,,,,,,,,,,,,,,,,,,,,,,,,,
BPIFA1,,0.0,,,,,,,,,,,,,,,,,,,,,,,,,,
NTRK1,,0.0,,,,,,,,,,,,,,,,,,,,,,,,,,
MT1F,,0.0,,,,,,,,,,,,,,,,,,,,,,,,,,
TPM2,,3.6478043e-06,,,,,,,,,,,,,,,,,,,,,,,,,,
HLA-DRB5,,1.66893e-07,,,,,,,,,,,,,,,,,,,,,,,,,,
C1orf228,,0.0,,,,,,,,,,,,,,,,,,,,,,,,,,
PLN,,0.0,,,,,,,,,,,,,,,,,,,,,,,,,,
ITGBL1,,0.0,,,,,,,,,,,,,,,,,,,,,,,,,,
SH2D1B,,0.0,,,,,,,,,,,,,,,,,,,,,,,,,,
ARC,,0.0,,,,,,,,,,,,,,,,,,,,,,,,,,
FAM3D,,0.0,,,,,,,,,,,,,,,,,,,,,,,,,,
SLC5A3,,0.0,,,,,,,,,,,,,,,,,,,,,,,,,,
EGFL6,,0.0,,,,,,,,,,,,,,,,,,,,,,,,,,
RCSD1,,0.0,,,,,,,,,,,,,,,,,,,,,,,,,,
CD247,,0.0,,,,,,,,,,,,,,,,,,,,,,,,,,
SELM,,2.3841858e-08,,,,,,,,,,,,,,,,,,,,,,,,,,
CES1,,0.0,,,,,,,,,,,,,,,,,,,,,,,,,,
CD3E,,0.0,,,,,,,,,,,,,,,,,,,,,,,,,,
DZIP3,,0.0,,,,,,,,,,,,,,,,,,,,,,,,,,
TGM2,,0.0,,,,,,,,,,,,,,,,,,,,,,,,,,
FCGR3A,,-3.3140182e-06,,,,,,,,,,,,,,,,,,,,,,,,,,
FAM229B,,0.0,,,,,,,,,,,,,,,,,,,,,,,,,,
FANK1,,0.0,,,,,,,,,,,,,,,,,,,,,,,,,,
SPRR2E,,0.0,,,,,,,,,,,,,,,,,,,,,,,,,,
SOX18,,0.0,,,,,,,,,,,,,,,,,,,,,,,,,,
LDLRAD1,,0.0,,,,,,,,,,,,,,,,,,,,,,,,,,
MAFB,,0.0,,,,,,,,,,,,,,,,,,,,,,,,,,
HLA-DMA,,5.9604645e-08,,,,,,,,,,,,,,,,,,,,,,,,,,
COL5A2,,0.0,,,,,,,,,,,,,,,,,,,,,,,,,,
HLA-DRA,,-4.7683717e-08,,,,,,,,,,,,,,,,,,,,,,,,,,
COL15A1,,0.0,,,,,,,,,,,,,,,,,,,,,,,,,,
NOTCH4,,0.0,,,,,,,,,,,,,,,,,,,,,,,,,,
AGER,,0.0,,,,,,,,,,,,,,,,,,,,,,,,,,
SLC44A4,,0.0,,,,,,,,,,,,,,,,,,,,,,,,,,
HSPA1B,,0.0,,,,,,,,,,,,,,,,,,,,,,,,,,
HSPA1A,,1.0728836e-07,,,,,,,,,,,,,,,,,,,,,,,,,,
AIF1,,0.0,,,,,,,,,,,,,,,,,,,,,,,,,,
NCR3,,0.0,,,,,,,,,,,,,,,,,,,,,,,,,,
LST1,,7.152558e-08,,,,,,,,,,,,,,,,,,,,,,,,,,
C9orf135,,0.0,,,,,,,,,,,,,,,,,,,,,,,,,,
TTC25,,0.0,,,,,,,,,,,,,,,,,,,,,,,,,,
CD177,,0.0,,,,,,,,,,,,,,,,,,,,,,,,,,
LRRC10B,,0.0,,,,,,,,,,,,,,,,,,,,,,,,,,
SLFN12L,,0.0,,,,,,,,,,,,,,,,,,,,,,,,,,
RP11-693J15.5,,0.0,,,,,,,,,,,,,,,,,,,,,,,,,,
LGALS7,,0.0,,,,,,,,,,,,,,,,,,,,,,,,,,
TMEM231,,0.0,,,,,,,,,,,,,,,,,,,,,,,,,,
ADGRG1,,0.0,,,,,,,,,,,,,,,,,,,,,,,,,,
MT1H,,0.0,,,,,,,,,,,,,,,,,,,,,,,,,,
MT1A,,0.0,,,,,,,,,,,,,,,,,,,,,,,,,,
MT1M,,0.0,,,,,,,,,,,,,,,,,,,,,,,,,,
SAMD9,,0.0,,,,,,,,,,,,,,,,,,,,,,,,,,
KRT6A,,0.0,,,,,,,,,,,,,,,,,,,,,,,,,,
C2CD4B,,0.0,,,,,,,,,,,,,,,,,,,,,,,,,,
KLRC2,,0.0,,,,,,,,,,,,,,,,,,,,,,,,,,
KLRC3,,0.0,,,,,,,,,,,,,,,,,,,,,,,,,,
SERPINB11,,0.0,,,,,,,,,,,,,,,,,,,,,,,,,,
SERPINB4,,0.0,,,,,,,,,,,,,,,,,,,,,,,,,,
HBA1,,0.0,,,,,,,,,,,,,,,,,,,,,,,,,,
HBM,,0.0,,,,,,,,,,,,,,,,,,,,,,,,,,
ANKUB1,,0.0,,,,,,,,,,,,,,,,,,,,,,,,,,
CFAP44,,-1.206398e-05,,,,,,,,,,,,,,,,,,,,,,,,,,
GPX3,,0.0,,,,,,,,,,,,,,,,,,,,,,,,,,
IGKC,,0.0,,,,,,,,,,,,,,,,,,,,,,,,,,
IGKV4-1,,0.0,,,,,,,,,,,,,,,,,,,,,,,,,,
IGLV8-61,,0.0,,,,,,,,,,,,,,,,,,,,,,,,,,
IGLV6-57,,0.0,,,,,,,,,,,,,,,,,,,,,,,,,,
IGLV1-51,,0.0,,,,,,,,,,,,,,,,,,,,,,,,,,
IGLV1-47,,0.0,,,,,,,,,,,,,,,,,,,,,,,,,,
IGLV5-45,,0.0,,,,,,,,,,,,,,,,,,,,,,,,,,
IGLV1-44,,0.0,,,,,,,,,,,,,,,,,,,,,,,,,,
IGLV1-40,,0.0,,,,,,,,,,,,,,,,,,,,,,,,,,
IGLV3-25,,0.0,,,,,,,,,,,,,,,,,,,,,,,,,,
IGLV2-23,,0.0,,,,,,,,,,,,,,,,,,,,,,,,,,
IGLV3-21,,0.0,,,,,,,,,,,,,,,,,,,,,,,,,,
IGLV2-18,,0.0,,,,,,,,,,,,,,,,,,,,,,,,,,
IGLV2-14,,0.0,,,,,,,,,,,,,,,,,,,,,,,,,,
IGLV2-11,,0.0,,,,,,,,,,,,,,,,,,,,,,,,,,
IGLV3-10,,0.0,,,,,,,,,,,,,,,,,,,,,,,,,,
IGLV3-9,,0.0,,,,,,,,,,,,,,,,,,,,,,,,,,
IGLV3-1,,0.0,,,,,,,,,,,,,,,,,,,,,,,,,,
IGLC2,,0.0,,,,,,,,,,,,,,,,,,,,,,,,,,
IGLC3,,0.0,,,,,,,,,,,,,,,,,,,,,,,,,,
IGLC7,,0.0,,,,,,,,,,,,,,,,,,,,,,,,,,
TRGC1,,0.0,,,,,,,,,,,,,,,,,,,,,,,,,,
TRGV10,,0.0,,,,,,,,,,,,,,,,,,,,,,,,,,
TRGV9,,0.0,,,,,,,,,,,,,,,,,,,,,,,,,,
TRGV4,,0.0,,,,,,,,,,,,,,,,,,,,,,,,,,
TRGV3,,0.0,,,,,,,,,,,,,,,,,,,,,,,,,,
TRBV6-1,,0.0,,,,,,,,,,,,,,,,,,,,,,,,,,
TRBV20-1,,0.0,,,,,,,,,,,,,,,,,,,,,,,,,,
TRBC1,,0.0,,,,,,,,,,,,,,,,,,,,,,,,,,
TRBV27,,0.0,,,,,,,,,,,,,,,,,,,,,,,,,,
TRBC2,,0.0,,,,,,,,,,,,,,,,,,,,,,,,,,
TRAV4,,0.0,,,,,,,,,,,,,,,,,,,,,,,,,,
TRAV13-1,,0.0,,,,,,,,,,,,,,,,,,,,,,,,,,
TRAV12-2,,0.0,,,,,,,,,,,,,,,,,,,,,,,,,,
TRAV13-2,,0.0,,,,,,,,,,,,,,,,,,,,,,,,,,
TRAV14DV4,,0.0,,,,,,,,,,,,,,,,,,,,,,,,,,
TRAV9-2,,0.0,,,,,,,,,,,,,,,,,,,,,,,,,,
TRAV12-3,,0.0,,,,,,,,,,,,,,,,,,,,,,,,,,
TRAV8-6,,0.0,,,,,,,,,,,,,,,,,,,,,,,,,,
TRAV16,,0.0,,,,,,,,,,,,,,,,,,,,,,,,,,
TRAV17,,0.0,,,,,,,,,,,,,,,,,,,,,,,,,,
TRAV20,,0.0,,,,,,,,,,,,,,,,,,,,,,,,,,
TRAV21,,0.0,,,,,,,,,,,,,,,,,,,,,,,,,,
TRAV22,,0.0,,,,,,,,,,,,,,,,,,,,,,,,,,
TRAV23DV6,,0.0,,,,,,,,,,,,,,,,,,,,,,,,,,
TRAV25,,0.0,,,,,,,,,,,,,,,,,,,,,,,,,,
TRAV29DV5,,0.0,,,,,,,,,,,,,,,,,,,,,,,,,,
TRAV26-2,,0.0,,,,,,,,,,,,,,,,,,,,,,,,,,
TRDC,,0.0,,,,,,,,,,,,,,,,,,,,,,,,,,
IGHA2,,4.374981e-05,,,,,,,,,,,,,,,,,,,,,,,,,,
IGHG4,,0.0,,,,,,,,,,,,,,,,,,,,,,,,,,
IGHG2,,0.0,,,,,,,,,,,,,,,,,,,,,,,,,,
IGHA1,,0.0,,,,,,,,,,,,,,,,,,,,,,,,,,
IGHG1,,0.0,,,,,,,,,,,,,,,,,,,,,,,,,,
IGHG3,,0.0,,,,,,,,,,,,,,,,,,,,,,,,,,
IGHD,,0.0,,,,,,,,,,,,,,,,,,,,,,,,,,
IGHM,,0.0,,,,,,,,,,,,,,,,,,,,,,,,,,
IGHV1-3,,0.0,,,,,,,,,,,,,,,,,,,,,,,,,,
IGHV3-7,,0.0,,,,,,,,,,,,,,,,,,,,,,,,,,
IGHV3-15,,0.0,,,,,,,,,,,,,,,,,,,,,,,,,,
IGHV1-18,,0.0,,,,,,,,,,,,,,,,,,,,,,,,,,
IGHV3-21,,0.0,,,,,,,,,,,,,,,,,,,,,,,,,,
IGHV3-23,,0.0,,,,,,,,,,,,,,,,,,,,,,,,,,
IGHV1-24,,0.0,,,,,,,,,,,,,,,,,,,,,,,,,,
IGHV4-34,,0.0,,,,,,,,,,,,,,,,,,,,,,,,,,
IGHV4-39,,0.0,,,,,,,,,,,,,,,,,,,,,,,,,,
IGHV1-46,,0.0,,,,,,,,,,,,,,,,,,,,,,,,,,
IGHV5-51,,0.0,,,,,,,,,,,,,,,,,,,,,,,,,,
IGHV4-61,,0.0,,,,,,,,,,,,,,,,,,,,,,,,,,
KRTAP3-1,,0.0,,,,,,,,,,,,,,,,,,,,,,,,,,
CFAP45,,0.0,,,,,,,,,,,,,,,,,,,,,,,,,,
ACKR1,,0.0,,,,,,,,,,,,,,,,,,,,,,,,,,
TCTEX1D2,,0.0,,,,,,,,,,,,,,,,,,,,,,,,,,
CRIP1,,5.9604645e-08,,,,,,,,,,,,,,,,,,,,,,,,,,
GIMAP1,,0.0,,,,,,,,,,,,,,,,,,,,,,,,,,
LTC4S,,0.0,,,,,,,,,,,,,,,,,,,,,,,,,,
LBH,,0.0,,,,,,,,,,,,,,,,,,,,,,,,,,
GPSM3,,0.0,,,,,,,,,,,,,,,,,,,,,,,,,,
LAT,,0.0,,,,,,,,,,,,,,,,,,,,,,,,,,
EMP2,,-2.7418137e-06,,,,,,,,,,,,,,,,,,,,,,,,,,
LTB4R,,0.0,,,,,,,,,,,,,,,,,,,,,,,,,,
ITGA1,,0.0,,,,,,,,,,,,,,,,,,,,,,,,,,
TMEM213,,0.0,,,,,,,,,,,,,,,,,,,,,,,,,,
MEG3,,0.0,,,,,,,,,,,,,,,,,,,,,,,,,,
MUC5AC,,0.0,,,,,,,,,,,,,,,,,,,,,,,,,,
FAM166B,,0.0,,,,,,,,,,,,,,,,,,,,,,,,,,
C5orf49,,0.0,,,,,,,,,,,,,,,,,,,,,,,,,,
TNFRSF25,,0.0,,,,,,,,,,,,,,,,,,,,,,,,,,
IFI30,,0.0,,,,,,,,,,,,,,,,,,,,,,,,,,
FXYD7,,0.0,,,,,,,,,,,,,,,,,,,,,,,,,,
IGLC6,,0.0,,,,,,,,,,,,,,,,,,,,,,,,,,
LINC00152,,0.0,,,,,,,,,,,,,,,,,,,,,,,,,,
IGLV9-49,,0.0,,,,,,,,,,,,,,,,,,,,,,,,,,
HBD,,0.0,,,,,,,,,,,,,,,,,,,,,,,,,,
HLA-DPB1,,1.9431113e-06,,,,,,,,,,,,,,,,,,,,,,,,,,
IGHV4-59,,0.0,,,,,,,,,,,,,,,,,,,,,,,,,,
PRR29,,0.0,,,,,,,,,,,,,,,,,,,,,,,,,,
LINC01272,,0.0,,,,,,,,,,,,,,,,,,,,,,,,,,
IGHV3-74,,0.0,,,,,,,,,,,,,,,,,,,,,,,,,,
PGM5-AS1,,0.0,,,,,,,,,,,,,,,,,,,,,,,,,,
TMEM233,,0.0,,,,,,,,,,,,,,,,,,,,,,,,,,
SFTA1P,,-2.963543e-05,,,,,,,,,,,,,,,,,,,,,,,,,,
MIAT,,0.0,,,,,,,,,,,,,,,,,,,,,,,,,,
RP11-501J20.5,,0.0,,,,,,,,,,,,,,,,,,,,,,,,,,
LINC00685,,0.0,,,,,,,,,,,,,,,,,,,,,,,,,,
RP11-128M1.1,,0.0,,,,,,,,,,,,,,,,,,,,,,,,,,
KIAA0125,,0.0,,,,,,,,,,,,,,,,,,,,,,,,,,
LTA,,0.0,,,,,,,,,,,,,,,,,,,,,,,,,,
TRGC2,,0.0,,,,,,,,,,,,,,,,,,,,,,,,,,
LTB,,0.0,,,,,,,,,,,,,,,,,,,,,,,,,,
RP11-251M1.1,,0.0,,,,,,,,,,,,,,,,,,,,,,,,,,
SRGAP3-AS2,,0.0,,,,,,,,,,,,,,,,,,,,,,,,,,
AC020571.3,,0.0,,,,,,,,,,,,,,,,,,,,,,,,,,
VIM-AS1,,0.0,,,,,,,,,,,,,,,,,,,,,,,,,,
XXbac-BPG13B8.10,,0.0,,,,,,,,,,,,,,,,,,,,,,,,,,
SFTA3,,-3.8206576e-06,,,,,,,,,,,,,,,,,,,,,,,,,,
XIST,,-1.550913e-05,,,,,,,,,,,,,,,,,,,,,,,,,,
ANKRD66,,0.0,,,,,,,,,,,,,,,,,,,,,,,,,,
PRB4,,0.0,,,,,,,,,,,,,,,,,,,,,,,,,,
HLA-DPA1,,-1.4662743e-06,,,,,,,,,,,,,,,,,,,,,,,,,,
IGHV4-31,,0.0,,,,,,,,,,,,,,,,,,,,,,,,,,
AC013264.2,,0.0,,,,,,,,,,,,,,,,,,,,,,,,,,
LINC-PINT,,0.0,,,,,,,,,,,,,,,,,,,,,,,,,,
TSPAN19,,0.0,,,,,,,,,,,,,,,,,,,,,,,,,,
HLA-DQB2,,0.0,,,,,,,,,,,,,,,,,,,,,,,,,,
RP11-400N13.3,,0.0,,,,,,,,,,,,,,,,,,,,,,,,,,
TNF,,0.0,,,,,,,,,,,,,,,,,,,,,,,,,,
TRGV2,,0.0,,,,,,,,,,,,,,,,,,,,,,,,,,
HOTAIRM1,,0.0,,,,,,,,,,,,,,,,,,,,,,,,,,
AC016831.7,,0.0,,,,,,,,,,,,,,,,,,,,,,,,,,
RP11-354E11.2,,0.0,,,,,,,,,,,,,,,,,,,,,,,,,,
RP5-887A10.1,,0.0,,,,,,,,,,,,,,,,,,,,,,,,,,
AC104820.2,,0.0,,,,,,,,,,,,,,,,,,,,,,,,,,
MIR155HG,,0.0,,,,,,,,,,,,,,,,,,,,,,,,,,
C12orf75,,0.0,,,,,,,,,,,,,,,,,,,,,,,,,,
GS1-600G8.5,,0.0,,,,,,,,,,,,,,,,,,,,,,,,,,
AC092580.4,,0.0,,,,,,,,,,,,,,,,,,,,,,,,,,
AC008268.1,,-3.194809e-05,,,,,,,,,,,,,,,,,,,,,,,,,,
AC006369.2,,0.0,,,,,,,,,,,,,,,,,,,,,,,,,,
AC002331.1,,0.0,,,,,,,,,,,,,,,,,,,,,,,,,,
BCYRN1,,0.0,,,,,,,,,,,,,,,,,,,,,,,,,,
RP11-356I2.4,,0.0,,,,,,,,,,,,,,,,,,,,,,,,,,
HLA-DQA2,,0.0,,,,,,,,,,,,,,,,,,,,,,,,,,
TRBV3-1,,0.0,,,,,,,,,,,,,,,,,,,,,,,,,,
SIDT1-AS1,,0.0,,,,,,,,,,,,,,,,,,,,,,,,,,
APOBEC3G,,0.0,,,,,,,,,,,,,,,,,,,,,,,,,,
IGKV1D-8,,0.0,,,,,,,,,,,,,,,,,,,,,,,,,,
DEFA3,,0.0,,,,,,,,,,,,,,,,,,,,,,,,,,
IGKV3-20,,0.0,,,,,,,,,,,,,,,,,,,,,,,,,,
LILRA4,,0.0,,,,,,,,,,,,,,,,,,,,,,,,,,
IGKV1-17,,0.0,,,,,,,,,,,,,,,,,,,,,,,,,,
KIR3DL2,,0.0,,,,,,,,,,,,,,,,,,,,,,,,,,
TNFRSF13B,,0.0,,,,,,,,,,,,,,,,,,,,,,,,,,
AQP1,,1.3852119e-05,,,,,,,,,,,,,,,,,,,,,,,,,,
IGKV1-16,,0.0,,,,,,,,,,,,,,,,,,,,,,,,,,
LINC00877,,0.0,,,,,,,,,,,,,,,,,,,,,,,,,,
IGKV3-11,,0.0,,,,,,,,,,,,,,,,,,,,,,,,,,
RP11-553L6.2,,0.0,,,,,,,,,,,,,,,,,,,,,,,,,,
INMT,,0.0,,,,,,,,,,,,,,,,,,,,,,,,,,
IGKV1-9,,0.0,,,,,,,,,,,,,,,,,,,,,,,,,,
SPRR2A,,0.0,,,,,,,,,,,,,,,,,,,,,,,,,,
PEG10,,1.4418363e-05,,,,,,,,,,,,,,,,,,,,,,,,,,
IGKV2D-28,,0.0,,,,,,,,,,,,,,,,,,,,,,,,,,
HLA-DMB,,-1.1920929e-08,,,,,,,,,,,,,,,,,,,,,,,,,,
IGKV2-30,,0.0,,,,,,,,,,,,,,,,,,,,,,,,,,
IGKV1-12,,0.0,,,,,,,,,,,,,,,,,,,,,,,,,,
C4orf48,,-9.894371e-07,,,,,,,,,,,,,,,,,,,,,,,,,,
IGKV1-5,,0.0,,,,,,,,,,,,,,,,,,,,,,,,,,
UPK3B,,0.0,,,,,,,,,,,,,,,,,,,,,,,,,,
CFB,,0.0,,,,,,,,,,,,,,,,,,,,,,,,,,
KIR2DL3,,0.0,,,,,,,,,,,,,,,,,,,,,,,,,,
TUBA4B,,0.0,,,,,,,,,,,,,,,,,,,,,,,,,,
GSTA1,,0.0,,,,,,,,,,,,,,,,,,,,,,,,,,
GSTA2,,0.0,,,,,,,,,,,,,,,,,,,,,,,,,,
SPRR2F,,0.0,,,,,,,,,,,,,,,,,,,,,,,,,,
IGKV3-15,,0.0,,,,,,,,,,,,,,,,,,,,,,,,,,
IGKV1-27,,0.0,,,,,,,,,,,,,,,,,,,,,,,,,,
HBB,,0.0,,,,,,,,,,,,,,,,,,,,,,,,,,
GABPB1-AS1,,0.0,,,,,,,,,,,,,,,,,,,,,,,,,,
LINC00861,,0.0,,,,,,,,,,,,,,,,,,,,,,,,,,
CRNDE,,-2.3120641e-05,,,,,,,,,,,,,,,,,,,,,,,,,,
FLJ21408,,0.0,,,,,,,,,,,,,,,,,,,,,,,,,,
RP11-796E2.4,,0.0,,,,,,,,,,,,,,,,,,,,,,,,,,
RP11-18H21.1,,0.0,,,,,,,,,,,,,,,,,,,,,,,,,,
LINC00926,,0.0,,,,,,,,,,,,,,,,,,,,,,,,,,
ADH1C,,0.0,,,,,,,,,,,,,,,,,,,,,,,,,,
LUCAT1,,0.0,,,,,,,,,,,,,,,,,,,,,,,,,,
CCDC153,,0.0,,,,,,,,,,,,,,,,,,,,,,,,,,
NAIP,,0.0,,,,,,,,,,,,,,,,,,,,,,,,,,
CARMN,,0.0,,,,,,,,,,,,,,,,,,,,,,,,,,
ECSCR,,0.0,,,,,,,,,,,,,,,,,,,,,,,,,,
SEPP1,,-2.0319223e-05,,,,,,,,,,,,,,,,,,,,,,,,,,
CTD-2035E11.3,,0.0,,,,,,,,,,,,,,,,,,,,,,,,,,
MIR3945HG,,0.0,,,,,,,,,,,,,,,,,,,,,,,,,,
RP11-81H14.2,,0.0,,,,,,,,,,,,,,,,,,,,,,,,,,
PRB1,,0.0,,,,,,,,,,,,,,,,,,,,,,,,,,
AL928768.3,,0.0,,,,,,,,,,,,,,,,,,,,,,,,,,
IGHGP,,0.0,,,,,,,,,,,,,,,,,,,,,,,,,,
IGLL5,,0.0,,,,,,,,,,,,,,,,,,,,,,,,,,
TRAV1-1,,0.0,,,,,,,,,,,,,,,,,,,,,,,,,,
MTRNR2L8,,0.0,,,,,,,,,,,,,,,,,,,,,,,,,,
CYP2A6,,0.0,,,,,,,,,,,,,,,,,,,,,,,,,,
RP11-291B21.2,,0.0,,,,,,,,,,,,,,,,,,,,,,,,,,
DYX1C1,,0.0,,,,,,,,,,,,,,,,,,,,,,,,,,
LINC00944,,0.0,,,,,,,,,,,,,,,,,,,,,,,,,,
SMIM3,,-2.1439791e-05,,,,,,,,,,,,,,,,,,,,,,,,,,
RP11-664D1.1,,0.0,,,,,,,,,,,,,,,,,,,,,,,,,,
RP11-598F7.3,,0.0,,,,,,,,,,,,,,,,,,,,,,,,,,
HP,,0.0,,,,,,,,,,,,,,,,,,,,,,,,,,
C11orf97,,0.0,,,,,,,,,,,,,,,,,,,,,,,,,,
RP11-620J15.3,,0.0,,,,,,,,,,,,,,,,,,,,,,,,,,
RP11-1143G9.4,,0.0,,,,,,,,,,,,,,,,,,,,,,,,,,
CLEC5A,,0.0,,,,,,,,,,,,,,,,,,,,,,,,,,
RP11-76E17.3,,0.0,,,,,,,,,,,,,,,,,,,,,,,,,,
RP11-356K23.1,,0.0,,,,,,,,,,,,,,,,,,,,,,,,,,
RP11-1008C21.1,,0.0,,,,,,,,,,,,,,,,,,,,,,,,,,
LINC01571,,0.0,,,,,,,,,,,,,,,,,,,,,,,,,,
MRC1,,-2.9683113e-06,,,,,,,,,,,,,,,,,,,,,,,,,,
PECAM1,,0.0,,,,,,,,,,,,,,,,,,,,,,,,,,
MMP25-AS1,,0.0,,,,,,,,,,,,,,,,,,,,,,,,,,
RP11-160E2.6,,0.0,,,,,,,,,,,,,,,,,,,,,,,,,,
MMP12,,0.0,,,,,,,,,,,,,,,,,,,,,,,,,,
MSMB,,0.0,,,,,,,,,,,,,,,,,,,,,,,,,,
C1orf186,,0.0,,,,,,,,,,,,,,,,,,,,,,,,,,
GJA5,,0.0,,,,,,,,,,,,,,,,,,,,,,,,,,
RP5-1171I10.5,,0.0,,,,,,,,,,,,,,,,,,,,,,,,,,
GDF10,,0.0,,,,,,,,,,,,,,,,,,,,,,,,,,
FXYD1,,0.0,,,,,,,,,,,,,,,,,,,,,,,,,,
PCAT19,,0.0,,,,,,,,,,,,,,,,,,,,,,,,,,
CTD-2020K17.1,,0.0,,,,,,,,,,,,,,,,,,,,,,,,,,
LCN6,,0.0,,,,,,,,,,,,,,,,,,,,,,,,,,
TBX2-AS1,,0.0,,,,,,,,,,,,,,,,,,,,,,,,,,
AC004791.2,,0.0,,,,,,,,,,,,,,,,,,,,,,,,,,
CTD-3252C9.4,,0.0,,,,,,,,,,,,,,,,,,,,,,,,,,
SMIM22,,2.5999547e-05,,,,,,,,,,,,,,,,,,,,,,,,,,
AC006129.2,,0.0,,,,,,,,,,,,,,,,,,,,,,,,,,
SLC6A14,,8.34465e-08,,,,,,,,,,,,,,,,,,,,,,,,,,
FENDRR,,0.0,,,,,,,,,,,,,,,,,,,,,,,,,,
CTB-61M7.2,,0.0,,,,,,,,,,,,,,,,,,,,,,,,,,
LINC00528,,0.0,,,,,,,,,,,,,,,,,,,,,,,,,,
SPIB,,0.0,,,,,,,,,,,,,,,,,,,,,,,,,,
KCNQ1OT1,,2.502203e-05,,,,,,,,,,,,,,,,,,,,,,,,,,
RP6-91H8.3,,0.0,,,,,,,,,,,,,,,,,,,,,,,,,,
RP11-394O4.5,,0.0,,,,,,,,,,,,,,,,,,,,,,,,,,
RNU12,,0.0,,,,,,,,,,,,,,,,,,,,,,,,,,
MIR222HG,,0.0,,,,,,,,,,,,,,,,,,,,,,,,,,
LINC01480,,0.0,,,,,,,,,,,,,,,,,,,,,,,,,,
HEATR9,,0.0,,,,,,,,,,,,,,,,,,,,,,,,,,
IGHV3-30,,0.0,,,,,,,,,,,,,,,,,,,,,,,,,,
RP11-138A9.1,,0.0,,,,,,,,,,,,,,,,,,,,,,,,,,
CCL5,,0.0,,,,,,,,,,,,,,,,,,,,,,,,,,
LINC00936,,-4.7683717e-08,,,,,,,,,,,,,,,,,,,,,,,,,,
RP11-51J9.5,,0.0,,,,,,,,,,,,,,,,,,,,,,,,,,
RP11-338I21.1,,0.0,,,,,,,,,,,,,,,,,,,,,,,,,,
RP11-589C21.6,,0.0,,,,,,,,,,,,,,,,,,,,,,,,,,
RP11-347P5.1,,0.0,,,,,,,,,,,,,,,,,,,,,,,,,,
RP11-222K16.2,,0.0,,,,,,,,,,,,,,,,,,,,,,,,,,
CD24,,0.0,,,,,,,,,,,,,,,,,,,,,,,,,,
RP11-138A9.2,,0.0,,,,,,,,,,,,,,,,,,,,,,,,,,
RP11-386I14.4,,0.0,,,,,,,,,,,,,,,,,,,,,,,,,,
RP4-539M6.22,,0.0,,,,,,,,,,,,,,,,,,,,,,,,,,
RP11-1399P15.1,,0.0,,,,,,,,,,,,,,,,,,,,,,,,,,
HIST1H2BG,,0.0,,,,,,,,,,,,,,,,,,,,,,,,,,
CCL23,,0.0,,,,,,,,,,,,,,,,,,,,,,,,,,
RP3-492J12.2,,0.0,,,,,,,,,,,,,,,,,,,,,,,,,,
CCL4,,0.0,,,,,,,,,,,,,,,,,,,,,,,,,,
CCL18,,0.0,,,,,,,,,,,,,,,,,,,,,,,,,,
FCGBP,,0.0,,,,,,,,,,,,,,,,,,,,,,,,,,
CCL15,,0.0,,,,,,,,,,,,,,,,,,,,,,,,,,
CCL4L2,,0.0,,,,,,,,,,,,,,,,,,,,,,,,,,
CCL3L3,,0.0,,,,,,,,,,,,,,,,,,,,,,,,,,
CH17-373J23.1,,0.0,,,,,,,,,,,,,,,,,,,,,,,,,,
CCL14,,0.0,,,,,,,,,,,,,,,,,,,,,,,,,,
RP11-467L13.7,,0.0,,,,,,,,,,,,,,,,,,,,,,,,,,
AC069363.1,,0.0,,,,,,,,,,,,,,,,,,,,,,,,,,
MARCKS,,0.0,,,,,,,,,,,,,,,,,,,,,,,,,,
GPIHBP1,,0.0,,,,,,,,,,,,,,,,,,,,,,,,,,
CCL3,,0.0,,,,,,,,,,,,,,,,,,,,,,,,,,
RP11-295M3.4,,0.0,,,,,,,,,,,,,,,,,,,,,,,,,,
TRAC,,0.0,,,,,,,,,,,,,,,,,,,,,,,,,,
RP11-596C23.2,,0.0,,,,,,,,,,,,,,,,,,,,,,,,,,
IGLV2-8,,0.0,,,,,,,,,,,,,,,,,,,,,,,,,,
AP000769.1,,0.0,,,,,,,,,,,,,,,,,,,,,,,,,,
AC133644.2,,0.0,,,,,,,,,,,,,,,,,,,,,,,,,,
TRG-AS1,,0.0,,,,,,,,,,,,,,,,,,,,,,,,,,
CH17-262H11.1,,0.0,,,,,,,,,,,,,,,,,,,,,,,,,,
RP1-34B20.21,,0.0,,,,,,,,,,,,,,,,,,,,,,,,,,
TRBV6-2,,0.0,,,,,,,,,,,,,,,,,,,,,,,,,,
